  1 2018-02-16 10:24:38.854450 10.130.127.1 -> 10.130.127.2 ICMP Echo (ping) request  id=0x6d71, seq=1/256, ttl=64 90:e2:ba:35:47:14 -> 90:e2:ba:84:da:08
  2 2018-02-16 10:24:38.854480 10.130.127.1 -> 10.130.127.2 ICMP Echo (ping) request  id=0x6d71, seq=2/512, ttl=64 90:e2:ba:35:47:14 -> 90:e2:ba:84:da:08
  3 2018-02-16 10:24:38.854486 10.130.127.1 -> 10.130.127.2 ICMP Echo (ping) request  id=0x6d71, seq=3/768, ttl=64 90:e2:ba:35:47:14 -> 90:e2:ba:84:da:08
  4 2018-02-16 10:24:38.854490 10.130.127.1 -> 10.130.127.2 ICMP Echo (ping) request  id=0x6d71, seq=4/1024, ttl=64 90:e2:ba:35:47:14 -> 90:e2:ba:84:da:08
  5 2018-02-16 10:24:38.854494 10.130.127.1 -> 10.130.127.2 ICMP Echo (ping) request  id=0x6d71, seq=5/1280, ttl=64 90:e2:ba:35:47:14 -> 90:e2:ba:84:da:08
  6 2018-02-16 10:24:38.854499 10.130.127.1 -> 10.130.127.2 ICMP Echo (ping) request  id=0x6d71, seq=6/1536, ttl=64 90:e2:ba:35:47:14 -> 90:e2:ba:84:da:08
  7 2018-02-16 10:24:38.854503 10.130.127.1 -> 10.130.127.2 ICMP Echo (ping) request  id=0x6d71, seq=7/1792, ttl=64 90:e2:ba:35:47:14 -> 90:e2:ba:84:da:08
  8 2018-02-16 10:24:38.854508 10.130.127.1 -> 10.130.127.2 ICMP Echo (ping) request  id=0x6d71, seq=8/2048, ttl=64 90:e2:ba:35:47:14 -> 90:e2:ba:84:da:08
  9 2018-02-16 10:24:38.854512 10.130.127.1 -> 10.130.127.2 ICMP Echo (ping) request  id=0x6d71, seq=9/2304, ttl=64 90:e2:ba:35:47:14 -> 90:e2:ba:84:da:08
 10 2018-02-16 10:24:38.854517 10.130.127.1 -> 10.130.127.2 ICMP Echo (ping) request  id=0x6d71, seq=10/2560, ttl=64 90:e2:ba:35:47:14 -> 90:e2:ba:84:da:08
 11 2018-02-16 10:24:38.854521 10.130.127.1 -> 10.130.127.2 ICMP Echo (ping) request  id=0x6d71, seq=11/2816, ttl=64 90:e2:ba:35:47:14 -> 90:e2:ba:84:da:08
 12 2018-02-16 10:24:38.854526 10.130.127.1 -> 10.130.127.2 ICMP Echo (ping) request  id=0x6d71, seq=12/3072, ttl=64 90:e2:ba:35:47:14 -> 90:e2:ba:84:da:08
 13 2018-02-16 10:24:38.854530 10.130.127.1 -> 10.130.127.2 ICMP Echo (ping) request  id=0x6d71, seq=13/3328, ttl=64 90:e2:ba:35:47:14 -> 90:e2:ba:84:da:08
 14 2018-02-16 10:24:38.854534 10.130.127.1 -> 10.130.127.2 ICMP Echo (ping) request  id=0x6d71, seq=14/3584, ttl=64 90:e2:ba:35:47:14 -> 90:e2:ba:84:da:08
 15 2018-02-16 10:24:38.854537 10.130.127.1 -> 10.130.127.2 ICMP Echo (ping) request  id=0x6d71, seq=15/3840, ttl=64 90:e2:ba:35:47:14 -> 90:e2:ba:84:da:08
 16 2018-02-16 10:24:38.854541 10.130.127.1 -> 10.130.127.2 ICMP Echo (ping) request  id=0x6d71, seq=16/4096, ttl=64 90:e2:ba:35:47:14 -> 90:e2:ba:84:da:08
 17 2018-02-16 10:24:38.854546 10.130.127.1 -> 10.130.127.2 ICMP Echo (ping) request  id=0x6d71, seq=17/4352, ttl=64 90:e2:ba:35:47:14 -> 90:e2:ba:84:da:08
 18 2018-02-16 10:24:38.854551 10.130.127.1 -> 10.130.127.2 ICMP Echo (ping) request  id=0x6d71, seq=18/4608, ttl=64 90:e2:ba:35:47:14 -> 90:e2:ba:84:da:08
 19 2018-02-16 10:24:38.854555 10.130.127.1 -> 10.130.127.2 ICMP Echo (ping) request  id=0x6d71, seq=19/4864, ttl=64 90:e2:ba:35:47:14 -> 90:e2:ba:84:da:08
 20 2018-02-16 10:24:38.854559 10.130.127.1 -> 10.130.127.2 ICMP Echo (ping) request  id=0x6d71, seq=20/5120, ttl=64 90:e2:ba:35:47:14 -> 90:e2:ba:84:da:08
 21 2018-02-16 10:24:38.854563 10.130.127.1 -> 10.130.127.2 ICMP Echo (ping) request  id=0x6d71, seq=21/5376, ttl=64 90:e2:ba:35:47:14 -> 90:e2:ba:84:da:08
 22 2018-02-16 10:24:38.854567 10.130.127.1 -> 10.130.127.2 ICMP Echo (ping) request  id=0x6d71, seq=22/5632, ttl=64 90:e2:ba:35:47:14 -> 90:e2:ba:84:da:08
 23 2018-02-16 10:24:38.854572 10.130.127.1 -> 10.130.127.2 ICMP Echo (ping) request  id=0x6d71, seq=23/5888, ttl=64 90:e2:ba:35:47:14 -> 90:e2:ba:84:da:08
 24 2018-02-16 10:24:38.854576 10.130.127.1 -> 10.130.127.2 ICMP Echo (ping) request  id=0x6d71, seq=24/6144, ttl=64 90:e2:ba:35:47:14 -> 90:e2:ba:84:da:08
 25 2018-02-16 10:24:38.854580 10.130.127.1 -> 10.130.127.2 ICMP Echo (ping) request  id=0x6d71, seq=25/6400, ttl=64 90:e2:ba:35:47:14 -> 90:e2:ba:84:da:08
 26 2018-02-16 10:24:38.854585 10.130.127.1 -> 10.130.127.2 ICMP Echo (ping) request  id=0x6d71, seq=26/6656, ttl=64 90:e2:ba:35:47:14 -> 90:e2:ba:84:da:08
 27 2018-02-16 10:24:38.854589 10.130.127.1 -> 10.130.127.2 ICMP Echo (ping) request  id=0x6d71, seq=27/6912, ttl=64 90:e2:ba:35:47:14 -> 90:e2:ba:84:da:08
 28 2018-02-16 10:24:38.854593 10.130.127.1 -> 10.130.127.2 ICMP Echo (ping) request  id=0x6d71, seq=28/7168, ttl=64 90:e2:ba:35:47:14 -> 90:e2:ba:84:da:08
 29 2018-02-16 10:24:38.854597 10.130.127.1 -> 10.130.127.2 ICMP Echo (ping) request  id=0x6d71, seq=29/7424, ttl=64 90:e2:ba:35:47:14 -> 90:e2:ba:84:da:08
 30 2018-02-16 10:24:38.854602 10.130.127.1 -> 10.130.127.2 ICMP Echo (ping) request  id=0x6d71, seq=30/7680, ttl=64 90:e2:ba:35:47:14 -> 90:e2:ba:84:da:08
 31 2018-02-16 10:24:38.854607 10.130.127.1 -> 10.130.127.2 ICMP Echo (ping) request  id=0x6d71, seq=31/7936, ttl=64 90:e2:ba:35:47:14 -> 90:e2:ba:84:da:08
 32 2018-02-16 10:24:38.854611 10.130.127.1 -> 10.130.127.2 ICMP Echo (ping) request  id=0x6d71, seq=32/8192, ttl=64 90:e2:ba:35:47:14 -> 90:e2:ba:84:da:08
 33 2018-02-16 10:24:38.854616 10.130.127.1 -> 10.130.127.2 ICMP Echo (ping) request  id=0x6d71, seq=33/8448, ttl=64 90:e2:ba:35:47:14 -> 90:e2:ba:84:da:08
 34 2018-02-16 10:24:38.854620 10.130.127.1 -> 10.130.127.2 ICMP Echo (ping) request  id=0x6d71, seq=34/8704, ttl=64 90:e2:ba:35:47:14 -> 90:e2:ba:84:da:08
 35 2018-02-16 10:24:38.854624 10.130.127.1 -> 10.130.127.2 ICMP Echo (ping) request  id=0x6d71, seq=35/8960, ttl=64 90:e2:ba:35:47:14 -> 90:e2:ba:84:da:08
 36 2018-02-16 10:24:38.854628 10.130.127.1 -> 10.130.127.2 ICMP Echo (ping) request  id=0x6d71, seq=36/9216, ttl=64 90:e2:ba:35:47:14 -> 90:e2:ba:84:da:08
 37 2018-02-16 10:24:38.854633 10.130.127.1 -> 10.130.127.2 ICMP Echo (ping) request  id=0x6d71, seq=37/9472, ttl=64 90:e2:ba:35:47:14 -> 90:e2:ba:84:da:08
 38 2018-02-16 10:24:38.854637 10.130.127.1 -> 10.130.127.2 ICMP Echo (ping) request  id=0x6d71, seq=38/9728, ttl=64 90:e2:ba:35:47:14 -> 90:e2:ba:84:da:08
 39 2018-02-16 10:24:38.854643 10.130.127.1 -> 10.130.127.2 ICMP Echo (ping) request  id=0x6d71, seq=39/9984, ttl=64 90:e2:ba:35:47:14 -> 90:e2:ba:84:da:08
 40 2018-02-16 10:24:38.854647 10.130.127.1 -> 10.130.127.2 ICMP Echo (ping) request  id=0x6d71, seq=40/10240, ttl=64 90:e2:ba:35:47:14 -> 90:e2:ba:84:da:08
 41 2018-02-16 10:24:38.854652 10.130.127.1 -> 10.130.127.2 ICMP Echo (ping) request  id=0x6d71, seq=41/10496, ttl=64 90:e2:ba:35:47:14 -> 90:e2:ba:84:da:08
 42 2018-02-16 10:24:38.854657 10.130.127.1 -> 10.130.127.2 ICMP Echo (ping) request  id=0x6d71, seq=42/10752, ttl=64 90:e2:ba:35:47:14 -> 90:e2:ba:84:da:08
 43 2018-02-16 10:24:38.854662 10.130.127.1 -> 10.130.127.2 ICMP Echo (ping) request  id=0x6d71, seq=43/11008, ttl=64 90:e2:ba:35:47:14 -> 90:e2:ba:84:da:08
 44 2018-02-16 10:24:38.854667 10.130.127.1 -> 10.130.127.2 ICMP Echo (ping) request  id=0x6d71, seq=44/11264, ttl=64 90:e2:ba:35:47:14 -> 90:e2:ba:84:da:08
 45 2018-02-16 10:24:38.854671 10.130.127.1 -> 10.130.127.2 ICMP Echo (ping) request  id=0x6d71, seq=45/11520, ttl=64 90:e2:ba:35:47:14 -> 90:e2:ba:84:da:08
 46 2018-02-16 10:24:38.854677 10.130.127.1 -> 10.130.127.2 ICMP Echo (ping) request  id=0x6d71, seq=46/11776, ttl=64 90:e2:ba:35:47:14 -> 90:e2:ba:84:da:08
 47 2018-02-16 10:24:38.854683 10.130.127.1 -> 10.130.127.2 ICMP Echo (ping) request  id=0x6d71, seq=47/12032, ttl=64 90:e2:ba:35:47:14 -> 90:e2:ba:84:da:08
 48 2018-02-16 10:24:38.854686 10.130.127.1 -> 10.130.127.2 ICMP Echo (ping) request  id=0x6d71, seq=48/12288, ttl=64 90:e2:ba:35:47:14 -> 90:e2:ba:84:da:08
 49 2018-02-16 10:24:38.854691 10.130.127.1 -> 10.130.127.2 ICMP Echo (ping) request  id=0x6d71, seq=49/12544, ttl=64 90:e2:ba:35:47:14 -> 90:e2:ba:84:da:08
 50 2018-02-16 10:24:38.854695 10.130.127.1 -> 10.130.127.2 ICMP Echo (ping) request  id=0x6d71, seq=50/12800, ttl=64 90:e2:ba:35:47:14 -> 90:e2:ba:84:da:08
 51 2018-02-16 10:24:38.854700 10.130.127.1 -> 10.130.127.2 ICMP Echo (ping) request  id=0x6d71, seq=51/13056, ttl=64 90:e2:ba:35:47:14 -> 90:e2:ba:84:da:08
 52 2018-02-16 10:24:38.854704 10.130.127.1 -> 10.130.127.2 ICMP Echo (ping) request  id=0x6d71, seq=52/13312, ttl=64 90:e2:ba:35:47:14 -> 90:e2:ba:84:da:08
 53 2018-02-16 10:24:38.854708 10.130.127.1 -> 10.130.127.2 ICMP Echo (ping) request  id=0x6d71, seq=53/13568, ttl=64 90:e2:ba:35:47:14 -> 90:e2:ba:84:da:08
 54 2018-02-16 10:24:38.854712 10.130.127.1 -> 10.130.127.2 ICMP Echo (ping) request  id=0x6d71, seq=54/13824, ttl=64 90:e2:ba:35:47:14 -> 90:e2:ba:84:da:08
 55 2018-02-16 10:24:38.854716 10.130.127.1 -> 10.130.127.2 ICMP Echo (ping) request  id=0x6d71, seq=55/14080, ttl=64 90:e2:ba:35:47:14 -> 90:e2:ba:84:da:08
 56 2018-02-16 10:24:38.854721 10.130.127.1 -> 10.130.127.2 ICMP Echo (ping) request  id=0x6d71, seq=56/14336, ttl=64 90:e2:ba:35:47:14 -> 90:e2:ba:84:da:08
 57 2018-02-16 10:24:38.854726 10.130.127.1 -> 10.130.127.2 ICMP Echo (ping) request  id=0x6d71, seq=57/14592, ttl=64 90:e2:ba:35:47:14 -> 90:e2:ba:84:da:08
 58 2018-02-16 10:24:38.854731 10.130.127.1 -> 10.130.127.2 ICMP Echo (ping) request  id=0x6d71, seq=58/14848, ttl=64 90:e2:ba:35:47:14 -> 90:e2:ba:84:da:08
 59 2018-02-16 10:24:38.854735 10.130.127.1 -> 10.130.127.2 ICMP Echo (ping) request  id=0x6d71, seq=59/15104, ttl=64 90:e2:ba:35:47:14 -> 90:e2:ba:84:da:08
 60 2018-02-16 10:24:38.854739 10.130.127.1 -> 10.130.127.2 ICMP Echo (ping) request  id=0x6d71, seq=60/15360, ttl=64 90:e2:ba:35:47:14 -> 90:e2:ba:84:da:08
 61 2018-02-16 10:24:38.854742 10.130.127.1 -> 10.130.127.2 ICMP Echo (ping) request  id=0x6d71, seq=61/15616, ttl=64 90:e2:ba:35:47:14 -> 90:e2:ba:84:da:08
 62 2018-02-16 10:24:38.854747 10.130.127.1 -> 10.130.127.2 ICMP Echo (ping) request  id=0x6d71, seq=62/15872, ttl=64 90:e2:ba:35:47:14 -> 90:e2:ba:84:da:08
 63 2018-02-16 10:24:38.854751 10.130.127.1 -> 10.130.127.2 ICMP Echo (ping) request  id=0x6d71, seq=63/16128, ttl=64 90:e2:ba:35:47:14 -> 90:e2:ba:84:da:08
 64 2018-02-16 10:24:38.854755 10.130.127.1 -> 10.130.127.2 ICMP Echo (ping) request  id=0x6d71, seq=64/16384, ttl=64 90:e2:ba:35:47:14 -> 90:e2:ba:84:da:08
 65 2018-02-16 10:24:38.854759 10.130.127.1 -> 10.130.127.2 ICMP Echo (ping) request  id=0x6d71, seq=65/16640, ttl=64 90:e2:ba:35:47:14 -> 90:e2:ba:84:da:08
 66 2018-02-16 10:24:38.854764 10.130.127.1 -> 10.130.127.2 ICMP Echo (ping) request  id=0x6d71, seq=66/16896, ttl=64 90:e2:ba:35:47:14 -> 90:e2:ba:84:da:08
 67 2018-02-16 10:24:38.854768 10.130.127.1 -> 10.130.127.2 ICMP Echo (ping) request  id=0x6d71, seq=67/17152, ttl=64 90:e2:ba:35:47:14 -> 90:e2:ba:84:da:08
 68 2018-02-16 10:24:38.854773 10.130.127.1 -> 10.130.127.2 ICMP Echo (ping) request  id=0x6d71, seq=68/17408, ttl=64 90:e2:ba:35:47:14 -> 90:e2:ba:84:da:08
 69 2018-02-16 10:24:38.854777 10.130.127.1 -> 10.130.127.2 ICMP Echo (ping) request  id=0x6d71, seq=69/17664, ttl=64 90:e2:ba:35:47:14 -> 90:e2:ba:84:da:08
 70 2018-02-16 10:24:38.854781 10.130.127.1 -> 10.130.127.2 ICMP Echo (ping) request  id=0x6d71, seq=70/17920, ttl=64 90:e2:ba:35:47:14 -> 90:e2:ba:84:da:08
 71 2018-02-16 10:24:38.854785 10.130.127.1 -> 10.130.127.2 ICMP Echo (ping) request  id=0x6d71, seq=71/18176, ttl=64 90:e2:ba:35:47:14 -> 90:e2:ba:84:da:08
 72 2018-02-16 10:24:38.854790 10.130.127.1 -> 10.130.127.2 ICMP Echo (ping) request  id=0x6d71, seq=72/18432, ttl=64 90:e2:ba:35:47:14 -> 90:e2:ba:84:da:08
 73 2018-02-16 10:24:38.854794 10.130.127.1 -> 10.130.127.2 ICMP Echo (ping) request  id=0x6d71, seq=73/18688, ttl=64 90:e2:ba:35:47:14 -> 90:e2:ba:84:da:08
 74 2018-02-16 10:24:38.854799 10.130.127.1 -> 10.130.127.2 ICMP Echo (ping) request  id=0x6d71, seq=74/18944, ttl=64 90:e2:ba:35:47:14 -> 90:e2:ba:84:da:08
 75 2018-02-16 10:24:38.854804 10.130.127.1 -> 10.130.127.2 ICMP Echo (ping) request  id=0x6d71, seq=75/19200, ttl=64 90:e2:ba:35:47:14 -> 90:e2:ba:84:da:08
 76 2018-02-16 10:24:38.854808 10.130.127.1 -> 10.130.127.2 ICMP Echo (ping) request  id=0x6d71, seq=76/19456, ttl=64 90:e2:ba:35:47:14 -> 90:e2:ba:84:da:08
 77 2018-02-16 10:24:38.854813 10.130.127.1 -> 10.130.127.2 ICMP Echo (ping) request  id=0x6d71, seq=77/19712, ttl=64 90:e2:ba:35:47:14 -> 90:e2:ba:84:da:08
 78 2018-02-16 10:24:38.854817 10.130.127.1 -> 10.130.127.2 ICMP Echo (ping) request  id=0x6d71, seq=78/19968, ttl=64 90:e2:ba:35:47:14 -> 90:e2:ba:84:da:08
 79 2018-02-16 10:24:38.854822 10.130.127.1 -> 10.130.127.2 ICMP Echo (ping) request  id=0x6d71, seq=79/20224, ttl=64 90:e2:ba:35:47:14 -> 90:e2:ba:84:da:08
 80 2018-02-16 10:24:38.854826 10.130.127.1 -> 10.130.127.2 ICMP Echo (ping) request  id=0x6d71, seq=80/20480, ttl=64 90:e2:ba:35:47:14 -> 90:e2:ba:84:da:08
 81 2018-02-16 10:24:38.854831 10.130.127.1 -> 10.130.127.2 ICMP Echo (ping) request  id=0x6d71, seq=81/20736, ttl=64 90:e2:ba:35:47:14 -> 90:e2:ba:84:da:08
 82 2018-02-16 10:24:38.854836 10.130.127.1 -> 10.130.127.2 ICMP Echo (ping) request  id=0x6d71, seq=82/20992, ttl=64 90:e2:ba:35:47:14 -> 90:e2:ba:84:da:08
 83 2018-02-16 10:24:38.854840 10.130.127.1 -> 10.130.127.2 ICMP Echo (ping) request  id=0x6d71, seq=83/21248, ttl=64 90:e2:ba:35:47:14 -> 90:e2:ba:84:da:08
 84 2018-02-16 10:24:38.854844 10.130.127.1 -> 10.130.127.2 ICMP Echo (ping) request  id=0x6d71, seq=84/21504, ttl=64 90:e2:ba:35:47:14 -> 90:e2:ba:84:da:08
 85 2018-02-16 10:24:38.854848 10.130.127.1 -> 10.130.127.2 ICMP Echo (ping) request  id=0x6d71, seq=85/21760, ttl=64 90:e2:ba:35:47:14 -> 90:e2:ba:84:da:08
 86 2018-02-16 10:24:38.854852 10.130.127.1 -> 10.130.127.2 ICMP Echo (ping) request  id=0x6d71, seq=86/22016, ttl=64 90:e2:ba:35:47:14 -> 90:e2:ba:84:da:08
 87 2018-02-16 10:24:38.854856 10.130.127.1 -> 10.130.127.2 ICMP Echo (ping) request  id=0x6d71, seq=87/22272, ttl=64 90:e2:ba:35:47:14 -> 90:e2:ba:84:da:08
 88 2018-02-16 10:24:38.854861 10.130.127.1 -> 10.130.127.2 ICMP Echo (ping) request  id=0x6d71, seq=88/22528, ttl=64 90:e2:ba:35:47:14 -> 90:e2:ba:84:da:08
 89 2018-02-16 10:24:38.854866 10.130.127.1 -> 10.130.127.2 ICMP Echo (ping) request  id=0x6d71, seq=89/22784, ttl=64 90:e2:ba:35:47:14 -> 90:e2:ba:84:da:08
 90 2018-02-16 10:24:38.854870 10.130.127.1 -> 10.130.127.2 ICMP Echo (ping) request  id=0x6d71, seq=90/23040, ttl=64 90:e2:ba:35:47:14 -> 90:e2:ba:84:da:08
 91 2018-02-16 10:24:38.854874 10.130.127.1 -> 10.130.127.2 ICMP Echo (ping) request  id=0x6d71, seq=91/23296, ttl=64 90:e2:ba:35:47:14 -> 90:e2:ba:84:da:08
 92 2018-02-16 10:24:38.854880 10.130.127.1 -> 10.130.127.2 ICMP Echo (ping) request  id=0x6d71, seq=92/23552, ttl=64 90:e2:ba:35:47:14 -> 90:e2:ba:84:da:08
 93 2018-02-16 10:24:38.854884 10.130.127.1 -> 10.130.127.2 ICMP Echo (ping) request  id=0x6d71, seq=93/23808, ttl=64 90:e2:ba:35:47:14 -> 90:e2:ba:84:da:08
 94 2018-02-16 10:24:38.854888 10.130.127.1 -> 10.130.127.2 ICMP Echo (ping) request  id=0x6d71, seq=94/24064, ttl=64 90:e2:ba:35:47:14 -> 90:e2:ba:84:da:08
 95 2018-02-16 10:24:38.854891 10.130.127.1 -> 10.130.127.2 ICMP Echo (ping) request  id=0x6d71, seq=95/24320, ttl=64 90:e2:ba:35:47:14 -> 90:e2:ba:84:da:08
 96 2018-02-16 10:24:38.854896 10.130.127.1 -> 10.130.127.2 ICMP Echo (ping) request  id=0x6d71, seq=96/24576, ttl=64 90:e2:ba:35:47:14 -> 90:e2:ba:84:da:08
 97 2018-02-16 10:24:38.854900 10.130.127.1 -> 10.130.127.2 ICMP Echo (ping) request  id=0x6d71, seq=97/24832, ttl=64 90:e2:ba:35:47:14 -> 90:e2:ba:84:da:08
 98 2018-02-16 10:24:38.854904 10.130.127.1 -> 10.130.127.2 ICMP Echo (ping) request  id=0x6d71, seq=98/25088, ttl=64 90:e2:ba:35:47:14 -> 90:e2:ba:84:da:08
 99 2018-02-16 10:24:38.854909 10.130.127.1 -> 10.130.127.2 ICMP Echo (ping) request  id=0x6d71, seq=99/25344, ttl=64 90:e2:ba:35:47:14 -> 90:e2:ba:84:da:08
100 2018-02-16 10:24:38.854913 10.130.127.1 -> 10.130.127.2 ICMP Echo (ping) request  id=0x6d71, seq=100/25600, ttl=64 90:e2:ba:35:47:14 -> 90:e2:ba:84:da:08
