  1 2018-02-12 01:44:31.030129    10.10.1.1 -> 10.10.2.1    ICMP Echo (ping) request  id=0x51b6, seq=1/256, ttl=64 90:e2:ba:81:49:14 -> 90:e2:ba:82:2c:7c
  2 2018-02-12 01:44:31.030140 IntelCor_81:49:14 -> IntelCor_82:2c:7c ARP Who has 10.10.1.2?  Tell 10.10.1.1 90:e2:ba:81:49:14 -> 90:e2:ba:82:2c:7c
  3 2018-02-12 01:44:31.030164 IntelCor_82:2c:7c -> IntelCor_81:49:14 ARP 10.10.1.2 is at 90:e2:ba:82:2c:7c 90:e2:ba:82:2c:7c -> 90:e2:ba:81:49:14
  4 2018-02-12 01:44:31.030166    10.10.1.1 -> 10.10.2.1    ICMP Echo (ping) request  id=0x51b6, seq=2/512, ttl=64 90:e2:ba:81:49:14 -> 90:e2:ba:82:2c:7c
  5 2018-02-12 01:44:31.030175    10.10.1.1 -> 10.10.2.1    ICMP Echo (ping) request  id=0x51b6, seq=3/768, ttl=64 90:e2:ba:81:49:14 -> 90:e2:ba:82:2c:7c
  6 2018-02-12 01:44:31.030179    10.10.1.1 -> 10.10.2.1    ICMP Echo (ping) request  id=0x51b6, seq=4/1024, ttl=64 90:e2:ba:81:49:14 -> 90:e2:ba:82:2c:7c
  7 2018-02-12 01:44:31.030184    10.10.1.1 -> 10.10.2.1    ICMP Echo (ping) request  id=0x51b6, seq=5/1280, ttl=64 90:e2:ba:81:49:14 -> 90:e2:ba:82:2c:7c
  8 2018-02-12 01:44:31.030296    10.10.2.1 -> 10.10.1.1    ICMP Echo (ping) reply    id=0x51b6, seq=1/256, ttl=63 (request in 1) 90:e2:ba:82:2c:7c -> 90:e2:ba:81:49:14
  9 2018-02-12 01:44:31.030320    10.10.2.1 -> 10.10.1.1    ICMP Echo (ping) reply    id=0x51b6, seq=2/512, ttl=63 (request in 4) 90:e2:ba:82:2c:7c -> 90:e2:ba:81:49:14
 10 2018-02-12 01:44:31.030330    10.10.2.1 -> 10.10.1.1    ICMP Echo (ping) reply    id=0x51b6, seq=3/768, ttl=63 (request in 5) 90:e2:ba:82:2c:7c -> 90:e2:ba:81:49:14
 11 2018-02-12 01:44:31.030345    10.10.2.1 -> 10.10.1.1    ICMP Echo (ping) reply    id=0x51b6, seq=4/1024, ttl=63 (request in 6) 90:e2:ba:82:2c:7c -> 90:e2:ba:81:49:14
 12 2018-02-12 01:44:31.030358    10.10.2.1 -> 10.10.1.1    ICMP Echo (ping) reply    id=0x51b6, seq=5/1280, ttl=63 (request in 7) 90:e2:ba:82:2c:7c -> 90:e2:ba:81:49:14
 13 2018-02-12 01:44:31.050100    10.10.1.1 -> 10.10.2.1    ICMP Echo (ping) request  id=0x51b6, seq=1/256, ttl=64 90:e2:ba:81:49:14 -> 90:e2:ba:82:2c:7c
 14 2018-02-12 01:44:31.050116 IntelCor_81:49:14 -> IntelCor_82:2c:7c ARP Who has 10.10.1.2?  Tell 10.10.1.1 90:e2:ba:81:49:14 -> 90:e2:ba:82:2c:7c
 15 2018-02-12 01:44:31.050125    10.10.1.1 -> 10.10.2.1    ICMP Echo (ping) request  id=0x51b6, seq=2/512, ttl=64 90:e2:ba:81:49:14 -> 90:e2:ba:82:2c:7c
 16 2018-02-12 01:44:31.050133    10.10.1.1 -> 10.10.2.1    ICMP Echo (ping) request  id=0x51b6, seq=3/768, ttl=64 90:e2:ba:81:49:14 -> 90:e2:ba:82:2c:7c
 17 2018-02-12 01:44:31.050137 IntelCor_82:2c:7c -> IntelCor_81:49:14 ARP 10.10.1.2 is at 90:e2:ba:82:2c:7c 90:e2:ba:82:2c:7c -> 90:e2:ba:81:49:14
 18 2018-02-12 01:44:31.050137    10.10.1.1 -> 10.10.2.1    ICMP Echo (ping) request  id=0x51b6, seq=4/1024, ttl=64 90:e2:ba:81:49:14 -> 90:e2:ba:82:2c:7c
 19 2018-02-12 01:44:31.050143    10.10.1.1 -> 10.10.2.1    ICMP Echo (ping) request  id=0x51b6, seq=5/1280, ttl=64 90:e2:ba:81:49:14 -> 90:e2:ba:82:2c:7c
 20 2018-02-12 01:44:31.050248    10.10.2.1 -> 10.10.1.1    ICMP Echo (ping) reply    id=0x51b6, seq=1/256, ttl=63 (request in 13) 90:e2:ba:82:2c:7c -> 90:e2:ba:81:49:14
 21 2018-02-12 01:44:31.050266    10.10.2.1 -> 10.10.1.1    ICMP Echo (ping) reply    id=0x51b6, seq=2/512, ttl=63 (request in 15) 90:e2:ba:82:2c:7c -> 90:e2:ba:81:49:14
 22 2018-02-12 01:44:31.050283    10.10.2.1 -> 10.10.1.1    ICMP Echo (ping) reply    id=0x51b6, seq=3/768, ttl=63 (request in 16) 90:e2:ba:82:2c:7c -> 90:e2:ba:81:49:14
 23 2018-02-12 01:44:31.050296    10.10.2.1 -> 10.10.1.1    ICMP Echo (ping) reply    id=0x51b6, seq=4/1024, ttl=63 (request in 18) 90:e2:ba:82:2c:7c -> 90:e2:ba:81:49:14
 24 2018-02-12 01:44:31.050312    10.10.2.1 -> 10.10.1.1    ICMP Echo (ping) reply    id=0x51b6, seq=5/1280, ttl=63 (request in 19) 90:e2:ba:82:2c:7c -> 90:e2:ba:81:49:14
 25 2018-02-12 01:44:31.070110    10.10.1.1 -> 10.10.2.1    ICMP Echo (ping) request  id=0x51b6, seq=1/256, ttl=64 90:e2:ba:81:49:14 -> 90:e2:ba:82:2c:7c
 26 2018-02-12 01:44:31.070114 IntelCor_81:49:14 -> IntelCor_82:2c:7c ARP Who has 10.10.1.2?  Tell 10.10.1.1 90:e2:ba:81:49:14 -> 90:e2:ba:82:2c:7c
 27 2018-02-12 01:44:31.070133    10.10.1.1 -> 10.10.2.1    ICMP Echo (ping) request  id=0x51b6, seq=2/512, ttl=64 90:e2:ba:81:49:14 -> 90:e2:ba:82:2c:7c
 28 2018-02-12 01:44:31.070141    10.10.1.1 -> 10.10.2.1    ICMP Echo (ping) request  id=0x51b6, seq=3/768, ttl=64 90:e2:ba:81:49:14 -> 90:e2:ba:82:2c:7c
 29 2018-02-12 01:44:31.070145    10.10.1.1 -> 10.10.2.1    ICMP Echo (ping) request  id=0x51b6, seq=4/1024, ttl=64 90:e2:ba:81:49:14 -> 90:e2:ba:82:2c:7c
 30 2018-02-12 01:44:31.070149 IntelCor_82:2c:7c -> IntelCor_81:49:14 ARP 10.10.1.2 is at 90:e2:ba:82:2c:7c 90:e2:ba:82:2c:7c -> 90:e2:ba:81:49:14
 31 2018-02-12 01:44:31.070149    10.10.1.1 -> 10.10.2.1    ICMP Echo (ping) request  id=0x51b6, seq=5/1280, ttl=64 90:e2:ba:81:49:14 -> 90:e2:ba:82:2c:7c
 32 2018-02-12 01:44:31.070257    10.10.2.1 -> 10.10.1.1    ICMP Echo (ping) reply    id=0x51b6, seq=1/256, ttl=63 (request in 25) 90:e2:ba:82:2c:7c -> 90:e2:ba:81:49:14
 33 2018-02-12 01:44:31.070276    10.10.2.1 -> 10.10.1.1    ICMP Echo (ping) reply    id=0x51b6, seq=2/512, ttl=63 (request in 27) 90:e2:ba:82:2c:7c -> 90:e2:ba:81:49:14
 34 2018-02-12 01:44:31.070290    10.10.2.1 -> 10.10.1.1    ICMP Echo (ping) reply    id=0x51b6, seq=3/768, ttl=63 (request in 28) 90:e2:ba:82:2c:7c -> 90:e2:ba:81:49:14
 35 2018-02-12 01:44:31.070306    10.10.2.1 -> 10.10.1.1    ICMP Echo (ping) reply    id=0x51b6, seq=4/1024, ttl=63 (request in 29) 90:e2:ba:82:2c:7c -> 90:e2:ba:81:49:14
 36 2018-02-12 01:44:31.070318    10.10.2.1 -> 10.10.1.1    ICMP Echo (ping) reply    id=0x51b6, seq=5/1280, ttl=63 (request in 31) 90:e2:ba:82:2c:7c -> 90:e2:ba:81:49:14
 37 2018-02-12 01:44:31.094087    10.10.1.1 -> 10.10.2.1    ICMP Echo (ping) request  id=0x51b6, seq=1/256, ttl=64 90:e2:ba:81:49:14 -> 90:e2:ba:82:2c:7c
 38 2018-02-12 01:44:31.094105 IntelCor_81:49:14 -> IntelCor_82:2c:7c ARP Who has 10.10.1.2?  Tell 10.10.1.1 90:e2:ba:81:49:14 -> 90:e2:ba:82:2c:7c
 39 2018-02-12 01:44:31.094111    10.10.1.1 -> 10.10.2.1    ICMP Echo (ping) request  id=0x51b6, seq=2/512, ttl=64 90:e2:ba:81:49:14 -> 90:e2:ba:82:2c:7c
 40 2018-02-12 01:44:31.094124    10.10.1.1 -> 10.10.2.1    ICMP Echo (ping) request  id=0x51b6, seq=3/768, ttl=64 90:e2:ba:81:49:14 -> 90:e2:ba:82:2c:7c
 41 2018-02-12 01:44:31.094128    10.10.1.1 -> 10.10.2.1    ICMP Echo (ping) request  id=0x51b6, seq=4/1024, ttl=64 90:e2:ba:81:49:14 -> 90:e2:ba:82:2c:7c
 42 2018-02-12 01:44:31.094132    10.10.1.1 -> 10.10.2.1    ICMP Echo (ping) request  id=0x51b6, seq=5/1280, ttl=64 90:e2:ba:81:49:14 -> 90:e2:ba:82:2c:7c
 43 2018-02-12 01:44:31.094134 IntelCor_82:2c:7c -> IntelCor_81:49:14 ARP 10.10.1.2 is at 90:e2:ba:82:2c:7c 90:e2:ba:82:2c:7c -> 90:e2:ba:81:49:14
 44 2018-02-12 01:44:31.094240    10.10.2.1 -> 10.10.1.1    ICMP Echo (ping) reply    id=0x51b6, seq=1/256, ttl=63 (request in 37) 90:e2:ba:82:2c:7c -> 90:e2:ba:81:49:14
 45 2018-02-12 01:44:31.094258    10.10.2.1 -> 10.10.1.1    ICMP Echo (ping) reply    id=0x51b6, seq=2/512, ttl=63 (request in 39) 90:e2:ba:82:2c:7c -> 90:e2:ba:81:49:14
 46 2018-02-12 01:44:31.094274    10.10.2.1 -> 10.10.1.1    ICMP Echo (ping) reply    id=0x51b6, seq=3/768, ttl=63 (request in 40) 90:e2:ba:82:2c:7c -> 90:e2:ba:81:49:14
 47 2018-02-12 01:44:31.094285    10.10.2.1 -> 10.10.1.1    ICMP Echo (ping) reply    id=0x51b6, seq=4/1024, ttl=63 (request in 41) 90:e2:ba:82:2c:7c -> 90:e2:ba:81:49:14
 48 2018-02-12 01:44:31.094299    10.10.2.1 -> 10.10.1.1    ICMP Echo (ping) reply    id=0x51b6, seq=5/1280, ttl=63 (request in 42) 90:e2:ba:82:2c:7c -> 90:e2:ba:81:49:14
 49 2018-02-12 01:44:31.118107    10.10.1.1 -> 10.10.2.1    ICMP Echo (ping) request  id=0x51b6, seq=1/256, ttl=64 90:e2:ba:81:49:14 -> 90:e2:ba:82:2c:7c
 50 2018-02-12 01:44:31.118114 IntelCor_81:49:14 -> IntelCor_82:2c:7c ARP Who has 10.10.1.2?  Tell 10.10.1.1 90:e2:ba:81:49:14 -> 90:e2:ba:82:2c:7c
 51 2018-02-12 01:44:31.118132    10.10.1.1 -> 10.10.2.1    ICMP Echo (ping) request  id=0x51b6, seq=2/512, ttl=64 90:e2:ba:81:49:14 -> 90:e2:ba:82:2c:7c
 52 2018-02-12 01:44:31.118137 IntelCor_82:2c:7c -> IntelCor_81:49:14 ARP 10.10.1.2 is at 90:e2:ba:82:2c:7c 90:e2:ba:82:2c:7c -> 90:e2:ba:81:49:14
 53 2018-02-12 01:44:31.118141    10.10.1.1 -> 10.10.2.1    ICMP Echo (ping) request  id=0x51b6, seq=3/768, ttl=64 90:e2:ba:81:49:14 -> 90:e2:ba:82:2c:7c
 54 2018-02-12 01:44:31.118146    10.10.1.1 -> 10.10.2.1    ICMP Echo (ping) request  id=0x51b6, seq=4/1024, ttl=64 90:e2:ba:81:49:14 -> 90:e2:ba:82:2c:7c
 55 2018-02-12 01:44:31.118150    10.10.1.1 -> 10.10.2.1    ICMP Echo (ping) request  id=0x51b6, seq=5/1280, ttl=64 90:e2:ba:81:49:14 -> 90:e2:ba:82:2c:7c
 56 2018-02-12 01:44:31.118255    10.10.2.1 -> 10.10.1.1    ICMP Echo (ping) reply    id=0x51b6, seq=1/256, ttl=63 (request in 49) 90:e2:ba:82:2c:7c -> 90:e2:ba:81:49:14
 57 2018-02-12 01:44:31.118277    10.10.2.1 -> 10.10.1.1    ICMP Echo (ping) reply    id=0x51b6, seq=2/512, ttl=63 (request in 51) 90:e2:ba:82:2c:7c -> 90:e2:ba:81:49:14
 58 2018-02-12 01:44:31.118281    10.10.2.1 -> 10.10.1.1    ICMP Echo (ping) reply    id=0x51b6, seq=3/768, ttl=63 (request in 53) 90:e2:ba:82:2c:7c -> 90:e2:ba:81:49:14
 59 2018-02-12 01:44:31.118286    10.10.2.1 -> 10.10.1.1    ICMP Echo (ping) reply    id=0x51b6, seq=4/1024, ttl=63 (request in 54) 90:e2:ba:82:2c:7c -> 90:e2:ba:81:49:14
 60 2018-02-12 01:44:31.118293    10.10.2.1 -> 10.10.1.1    ICMP Echo (ping) reply    id=0x51b6, seq=5/1280, ttl=63 (request in 55) 90:e2:ba:82:2c:7c -> 90:e2:ba:81:49:14
 61 2018-02-12 01:44:31.138129    10.10.1.1 -> 10.10.2.1    ICMP Echo (ping) request  id=0x51b6, seq=1/256, ttl=64 90:e2:ba:81:49:14 -> 90:e2:ba:82:2c:7c
 62 2018-02-12 01:44:31.138130 IntelCor_81:49:14 -> IntelCor_82:2c:7c ARP Who has 10.10.1.2?  Tell 10.10.1.1 90:e2:ba:81:49:14 -> 90:e2:ba:82:2c:7c
 63 2018-02-12 01:44:31.138156    10.10.1.1 -> 10.10.2.1    ICMP Echo (ping) request  id=0x51b6, seq=2/512, ttl=64 90:e2:ba:81:49:14 -> 90:e2:ba:82:2c:7c
 64 2018-02-12 01:44:31.138159 IntelCor_82:2c:7c -> IntelCor_81:49:14 ARP 10.10.1.2 is at 90:e2:ba:82:2c:7c 90:e2:ba:82:2c:7c -> 90:e2:ba:81:49:14
 65 2018-02-12 01:44:31.138164    10.10.1.1 -> 10.10.2.1    ICMP Echo (ping) request  id=0x51b6, seq=3/768, ttl=64 90:e2:ba:81:49:14 -> 90:e2:ba:82:2c:7c
 66 2018-02-12 01:44:31.138169    10.10.1.1 -> 10.10.2.1    ICMP Echo (ping) request  id=0x51b6, seq=4/1024, ttl=64 90:e2:ba:81:49:14 -> 90:e2:ba:82:2c:7c
 67 2018-02-12 01:44:31.138173    10.10.1.1 -> 10.10.2.1    ICMP Echo (ping) request  id=0x51b6, seq=5/1280, ttl=64 90:e2:ba:81:49:14 -> 90:e2:ba:82:2c:7c
 68 2018-02-12 01:44:31.138279    10.10.2.1 -> 10.10.1.1    ICMP Echo (ping) reply    id=0x51b6, seq=1/256, ttl=63 (request in 61) 90:e2:ba:82:2c:7c -> 90:e2:ba:81:49:14
 69 2018-02-12 01:44:31.138295    10.10.2.1 -> 10.10.1.1    ICMP Echo (ping) reply    id=0x51b6, seq=2/512, ttl=63 (request in 63) 90:e2:ba:82:2c:7c -> 90:e2:ba:81:49:14
 70 2018-02-12 01:44:31.138302    10.10.2.1 -> 10.10.1.1    ICMP Echo (ping) reply    id=0x51b6, seq=3/768, ttl=63 (request in 65) 90:e2:ba:82:2c:7c -> 90:e2:ba:81:49:14
 71 2018-02-12 01:44:31.138306    10.10.2.1 -> 10.10.1.1    ICMP Echo (ping) reply    id=0x51b6, seq=4/1024, ttl=63 (request in 66) 90:e2:ba:82:2c:7c -> 90:e2:ba:81:49:14
 72 2018-02-12 01:44:31.138311    10.10.2.1 -> 10.10.1.1    ICMP Echo (ping) reply    id=0x51b6, seq=5/1280, ttl=63 (request in 67) 90:e2:ba:82:2c:7c -> 90:e2:ba:81:49:14
 73 2018-02-12 01:44:31.158090    10.10.1.1 -> 10.10.2.1    ICMP Echo (ping) request  id=0x51b6, seq=1/256, ttl=64 90:e2:ba:81:49:14 -> 90:e2:ba:82:2c:7c
 74 2018-02-12 01:44:31.158113    10.10.1.1 -> 10.10.2.1    ICMP Echo (ping) request  id=0x51b6, seq=2/512, ttl=64 90:e2:ba:81:49:14 -> 90:e2:ba:82:2c:7c
 75 2018-02-12 01:44:31.158118    10.10.1.1 -> 10.10.2.1    ICMP Echo (ping) request  id=0x51b6, seq=3/768, ttl=64 90:e2:ba:81:49:14 -> 90:e2:ba:82:2c:7c
 76 2018-02-12 01:44:31.158123    10.10.1.1 -> 10.10.2.1    ICMP Echo (ping) request  id=0x51b6, seq=4/1024, ttl=64 90:e2:ba:81:49:14 -> 90:e2:ba:82:2c:7c
 77 2018-02-12 01:44:31.158125 IntelCor_81:49:14 -> IntelCor_82:2c:7c ARP Who has 10.10.1.2?  Tell 10.10.1.1 90:e2:ba:81:49:14 -> 90:e2:ba:82:2c:7c
 78 2018-02-12 01:44:31.158131    10.10.1.1 -> 10.10.2.1    ICMP Echo (ping) request  id=0x51b6, seq=5/1280, ttl=64 90:e2:ba:81:49:14 -> 90:e2:ba:82:2c:7c
 79 2018-02-12 01:44:31.158149 IntelCor_82:2c:7c -> IntelCor_81:49:14 ARP 10.10.1.2 is at 90:e2:ba:82:2c:7c 90:e2:ba:82:2c:7c -> 90:e2:ba:81:49:14
 80 2018-02-12 01:44:31.158170    10.10.1.1 -> 10.10.2.1    ICMP Echo (ping) request  id=0x51b7, seq=15/3840, ttl=64 90:e2:ba:81:49:14 -> 90:e2:ba:82:2c:7c
 81 2018-02-12 01:44:31.158210    10.10.2.1 -> 10.10.1.1    ICMP Echo (ping) reply    id=0x51b6, seq=1/256, ttl=63 (request in 73) 90:e2:ba:82:2c:7c -> 90:e2:ba:81:49:14
 82 2018-02-12 01:44:31.158226    10.10.2.1 -> 10.10.1.1    ICMP Echo (ping) reply    id=0x51b6, seq=2/512, ttl=63 (request in 74) 90:e2:ba:82:2c:7c -> 90:e2:ba:81:49:14
 83 2018-02-12 01:44:31.158233    10.10.2.1 -> 10.10.1.1    ICMP Echo (ping) reply    id=0x51b6, seq=3/768, ttl=63 (request in 75) 90:e2:ba:82:2c:7c -> 90:e2:ba:81:49:14
 84 2018-02-12 01:44:31.158238    10.10.2.1 -> 10.10.1.1    ICMP Echo (ping) reply    id=0x51b6, seq=4/1024, ttl=63 (request in 76) 90:e2:ba:82:2c:7c -> 90:e2:ba:81:49:14
 85 2018-02-12 01:44:31.158242    10.10.2.1 -> 10.10.1.1    ICMP Echo (ping) reply    id=0x51b6, seq=5/1280, ttl=63 (request in 78) 90:e2:ba:82:2c:7c -> 90:e2:ba:81:49:14
 86 2018-02-12 01:44:31.158247    10.10.2.1 -> 10.10.1.1    ICMP Echo (ping) reply    id=0x51b7, seq=15/3840, ttl=63 (request in 80) 90:e2:ba:82:2c:7c -> 90:e2:ba:81:49:14
 87 2018-02-12 01:44:31.178115    10.10.1.1 -> 10.10.2.1    ICMP Echo (ping) request  id=0x51b6, seq=1/256, ttl=64 90:e2:ba:81:49:14 -> 90:e2:ba:82:2c:7c
 88 2018-02-12 01:44:31.178121 IntelCor_81:49:14 -> IntelCor_82:2c:7c ARP Who has 10.10.1.2?  Tell 10.10.1.1 90:e2:ba:81:49:14 -> 90:e2:ba:82:2c:7c
 89 2018-02-12 01:44:31.178138    10.10.1.1 -> 10.10.2.1    ICMP Echo (ping) request  id=0x51b6, seq=2/512, ttl=64 90:e2:ba:81:49:14 -> 90:e2:ba:82:2c:7c
 90 2018-02-12 01:44:31.178143 IntelCor_82:2c:7c -> IntelCor_81:49:14 ARP 10.10.1.2 is at 90:e2:ba:82:2c:7c 90:e2:ba:82:2c:7c -> 90:e2:ba:81:49:14
 91 2018-02-12 01:44:31.178146    10.10.1.1 -> 10.10.2.1    ICMP Echo (ping) request  id=0x51b6, seq=3/768, ttl=64 90:e2:ba:81:49:14 -> 90:e2:ba:82:2c:7c
 92 2018-02-12 01:44:31.178151    10.10.1.1 -> 10.10.2.1    ICMP Echo (ping) request  id=0x51b6, seq=4/1024, ttl=64 90:e2:ba:81:49:14 -> 90:e2:ba:82:2c:7c
 93 2018-02-12 01:44:31.178156    10.10.1.1 -> 10.10.2.1    ICMP Echo (ping) request  id=0x51b6, seq=5/1280, ttl=64 90:e2:ba:81:49:14 -> 90:e2:ba:82:2c:7c
 94 2018-02-12 01:44:31.178160    10.10.1.1 -> 10.10.2.1    ICMP Echo (ping) request  id=0x51b7, seq=14/3584, ttl=64 90:e2:ba:81:49:14 -> 90:e2:ba:82:2c:7c
 95 2018-02-12 01:44:31.178236    10.10.2.1 -> 10.10.1.1    ICMP Echo (ping) reply    id=0x51b6, seq=1/256, ttl=63 (request in 87) 90:e2:ba:82:2c:7c -> 90:e2:ba:81:49:14
 96 2018-02-12 01:44:31.178254    10.10.2.1 -> 10.10.1.1    ICMP Echo (ping) reply    id=0x51b6, seq=2/512, ttl=63 (request in 89) 90:e2:ba:82:2c:7c -> 90:e2:ba:81:49:14
 97 2018-02-12 01:44:31.178260    10.10.2.1 -> 10.10.1.1    ICMP Echo (ping) reply    id=0x51b6, seq=3/768, ttl=63 (request in 91) 90:e2:ba:82:2c:7c -> 90:e2:ba:81:49:14
 98 2018-02-12 01:44:31.178265    10.10.2.1 -> 10.10.1.1    ICMP Echo (ping) reply    id=0x51b6, seq=4/1024, ttl=63 (request in 92) 90:e2:ba:82:2c:7c -> 90:e2:ba:81:49:14
 99 2018-02-12 01:44:31.178269    10.10.2.1 -> 10.10.1.1    ICMP Echo (ping) reply    id=0x51b6, seq=5/1280, ttl=63 (request in 93) 90:e2:ba:82:2c:7c -> 90:e2:ba:81:49:14
100 2018-02-12 01:44:31.178274    10.10.2.1 -> 10.10.1.1    ICMP Echo (ping) reply    id=0x51b7, seq=14/3584, ttl=63 (request in 94) 90:e2:ba:82:2c:7c -> 90:e2:ba:81:49:14
101 2018-02-12 01:44:31.202111    10.10.1.1 -> 10.10.2.1    ICMP Echo (ping) request  id=0x51b6, seq=1/256, ttl=64 90:e2:ba:81:49:14 -> 90:e2:ba:82:2c:7c
102 2018-02-12 01:44:31.202118 IntelCor_81:49:14 -> IntelCor_82:2c:7c ARP Who has 10.10.1.2?  Tell 10.10.1.1 90:e2:ba:81:49:14 -> 90:e2:ba:82:2c:7c
103 2018-02-12 01:44:31.202135    10.10.1.1 -> 10.10.2.1    ICMP Echo (ping) request  id=0x51b6, seq=2/512, ttl=64 90:e2:ba:81:49:14 -> 90:e2:ba:82:2c:7c
104 2018-02-12 01:44:31.202143    10.10.1.1 -> 10.10.2.1    ICMP Echo (ping) request  id=0x51b6, seq=3/768, ttl=64 90:e2:ba:81:49:14 -> 90:e2:ba:82:2c:7c
105 2018-02-12 01:44:31.202147    10.10.1.1 -> 10.10.2.1    ICMP Echo (ping) request  id=0x51b6, seq=4/1024, ttl=64 90:e2:ba:81:49:14 -> 90:e2:ba:82:2c:7c
106 2018-02-12 01:44:31.202150 IntelCor_82:2c:7c -> IntelCor_81:49:14 ARP 10.10.1.2 is at 90:e2:ba:82:2c:7c 90:e2:ba:82:2c:7c -> 90:e2:ba:81:49:14
107 2018-02-12 01:44:31.202151    10.10.1.1 -> 10.10.2.1    ICMP Echo (ping) request  id=0x51b6, seq=5/1280, ttl=64 90:e2:ba:81:49:14 -> 90:e2:ba:82:2c:7c
108 2018-02-12 01:44:31.202261    10.10.2.1 -> 10.10.1.1    ICMP Echo (ping) reply    id=0x51b6, seq=1/256, ttl=63 (request in 101) 90:e2:ba:82:2c:7c -> 90:e2:ba:81:49:14
109 2018-02-12 01:44:31.202279    10.10.2.1 -> 10.10.1.1    ICMP Echo (ping) reply    id=0x51b6, seq=2/512, ttl=63 (request in 103) 90:e2:ba:82:2c:7c -> 90:e2:ba:81:49:14
110 2018-02-12 01:44:31.202285    10.10.2.1 -> 10.10.1.1    ICMP Echo (ping) reply    id=0x51b6, seq=3/768, ttl=63 (request in 104) 90:e2:ba:82:2c:7c -> 90:e2:ba:81:49:14
111 2018-02-12 01:44:31.202290    10.10.2.1 -> 10.10.1.1    ICMP Echo (ping) reply    id=0x51b6, seq=4/1024, ttl=63 (request in 105) 90:e2:ba:82:2c:7c -> 90:e2:ba:81:49:14
112 2018-02-12 01:44:31.202294    10.10.2.1 -> 10.10.1.1    ICMP Echo (ping) reply    id=0x51b6, seq=5/1280, ttl=63 (request in 107) 90:e2:ba:82:2c:7c -> 90:e2:ba:81:49:14
113 2018-02-12 01:44:31.222122    10.10.1.1 -> 10.10.2.1    ICMP Echo (ping) request  id=0x51b6, seq=1/256, ttl=64 90:e2:ba:81:49:14 -> 90:e2:ba:82:2c:7c
114 2018-02-12 01:44:31.222126 IntelCor_81:49:14 -> IntelCor_82:2c:7c ARP Who has 10.10.1.2?  Tell 10.10.1.1 90:e2:ba:81:49:14 -> 90:e2:ba:82:2c:7c
115 2018-02-12 01:44:31.222146    10.10.1.1 -> 10.10.2.1    ICMP Echo (ping) request  id=0x51b6, seq=2/512, ttl=64 90:e2:ba:81:49:14 -> 90:e2:ba:82:2c:7c
116 2018-02-12 01:44:31.222150 IntelCor_82:2c:7c -> IntelCor_81:49:14 ARP 10.10.1.2 is at 90:e2:ba:82:2c:7c 90:e2:ba:82:2c:7c -> 90:e2:ba:81:49:14
117 2018-02-12 01:44:31.222154    10.10.1.1 -> 10.10.2.1    ICMP Echo (ping) request  id=0x51b6, seq=3/768, ttl=64 90:e2:ba:81:49:14 -> 90:e2:ba:82:2c:7c
118 2018-02-12 01:44:31.222160    10.10.1.1 -> 10.10.2.1    ICMP Echo (ping) request  id=0x51b6, seq=4/1024, ttl=64 90:e2:ba:81:49:14 -> 90:e2:ba:82:2c:7c
119 2018-02-12 01:44:31.222176    10.10.1.1 -> 10.10.2.1    ICMP Echo (ping) request  id=0x51b6, seq=5/1280, ttl=64 90:e2:ba:81:49:14 -> 90:e2:ba:82:2c:7c
120 2018-02-12 01:44:31.222195    10.10.1.1 -> 10.10.2.1    ICMP Echo (ping) request  id=0x51b7, seq=14/3584, ttl=64 90:e2:ba:81:49:14 -> 90:e2:ba:82:2c:7c
121 2018-02-12 01:44:31.222268    10.10.2.1 -> 10.10.1.1    ICMP Echo (ping) reply    id=0x51b6, seq=1/256, ttl=63 (request in 113) 90:e2:ba:82:2c:7c -> 90:e2:ba:81:49:14
122 2018-02-12 01:44:31.222285    10.10.2.1 -> 10.10.1.1    ICMP Echo (ping) reply    id=0x51b6, seq=2/512, ttl=63 (request in 115) 90:e2:ba:82:2c:7c -> 90:e2:ba:81:49:14
123 2018-02-12 01:44:31.222292    10.10.2.1 -> 10.10.1.1    ICMP Echo (ping) reply    id=0x51b6, seq=3/768, ttl=63 (request in 117) 90:e2:ba:82:2c:7c -> 90:e2:ba:81:49:14
124 2018-02-12 01:44:31.222297    10.10.2.1 -> 10.10.1.1    ICMP Echo (ping) reply    id=0x51b6, seq=4/1024, ttl=63 (request in 118) 90:e2:ba:82:2c:7c -> 90:e2:ba:81:49:14
125 2018-02-12 01:44:31.222310    10.10.2.1 -> 10.10.1.1    ICMP Echo (ping) reply    id=0x51b6, seq=5/1280, ttl=63 (request in 119) 90:e2:ba:82:2c:7c -> 90:e2:ba:81:49:14
126 2018-02-12 01:44:31.222322    10.10.2.1 -> 10.10.1.1    ICMP Echo (ping) reply    id=0x51b7, seq=14/3584, ttl=63 (request in 120) 90:e2:ba:82:2c:7c -> 90:e2:ba:81:49:14
127 2018-02-12 01:44:31.242122    10.10.1.1 -> 10.10.2.1    ICMP Echo (ping) request  id=0x51b6, seq=1/256, ttl=64 90:e2:ba:81:49:14 -> 90:e2:ba:82:2c:7c
128 2018-02-12 01:44:31.242129 IntelCor_81:49:14 -> IntelCor_82:2c:7c ARP Who has 10.10.1.2?  Tell 10.10.1.1 90:e2:ba:81:49:14 -> 90:e2:ba:82:2c:7c
129 2018-02-12 01:44:31.242146    10.10.1.1 -> 10.10.2.1    ICMP Echo (ping) request  id=0x51b6, seq=2/512, ttl=64 90:e2:ba:81:49:14 -> 90:e2:ba:82:2c:7c
130 2018-02-12 01:44:31.242150 IntelCor_82:2c:7c -> IntelCor_81:49:14 ARP 10.10.1.2 is at 90:e2:ba:82:2c:7c 90:e2:ba:82:2c:7c -> 90:e2:ba:81:49:14
131 2018-02-12 01:44:31.242153    10.10.1.1 -> 10.10.2.1    ICMP Echo (ping) request  id=0x51b6, seq=3/768, ttl=64 90:e2:ba:81:49:14 -> 90:e2:ba:82:2c:7c
132 2018-02-12 01:44:31.242158    10.10.1.1 -> 10.10.2.1    ICMP Echo (ping) request  id=0x51b6, seq=4/1024, ttl=64 90:e2:ba:81:49:14 -> 90:e2:ba:82:2c:7c
133 2018-02-12 01:44:31.242162    10.10.1.1 -> 10.10.2.1    ICMP Echo (ping) request  id=0x51b6, seq=5/1280, ttl=64 90:e2:ba:81:49:14 -> 90:e2:ba:82:2c:7c
134 2018-02-12 01:44:31.242266    10.10.2.1 -> 10.10.1.1    ICMP Echo (ping) reply    id=0x51b6, seq=1/256, ttl=63 (request in 127) 90:e2:ba:82:2c:7c -> 90:e2:ba:81:49:14
135 2018-02-12 01:44:31.242283    10.10.2.1 -> 10.10.1.1    ICMP Echo (ping) reply    id=0x51b6, seq=2/512, ttl=63 (request in 129) 90:e2:ba:82:2c:7c -> 90:e2:ba:81:49:14
136 2018-02-12 01:44:31.242291    10.10.2.1 -> 10.10.1.1    ICMP Echo (ping) reply    id=0x51b6, seq=3/768, ttl=63 (request in 131) 90:e2:ba:82:2c:7c -> 90:e2:ba:81:49:14
137 2018-02-12 01:44:31.242296    10.10.2.1 -> 10.10.1.1    ICMP Echo (ping) reply    id=0x51b6, seq=4/1024, ttl=63 (request in 132) 90:e2:ba:82:2c:7c -> 90:e2:ba:81:49:14
138 2018-02-12 01:44:31.242301    10.10.2.1 -> 10.10.1.1    ICMP Echo (ping) reply    id=0x51b6, seq=5/1280, ttl=63 (request in 133) 90:e2:ba:82:2c:7c -> 90:e2:ba:81:49:14
139 2018-02-12 01:44:31.262116    10.10.1.1 -> 10.10.2.1    ICMP Echo (ping) request  id=0x51b6, seq=1/256, ttl=64 90:e2:ba:81:49:14 -> 90:e2:ba:82:2c:7c
140 2018-02-12 01:44:31.262123 IntelCor_81:49:14 -> IntelCor_82:2c:7c ARP Who has 10.10.1.2?  Tell 10.10.1.1 90:e2:ba:81:49:14 -> 90:e2:ba:82:2c:7c
141 2018-02-12 01:44:31.262138    10.10.1.1 -> 10.10.2.1    ICMP Echo (ping) request  id=0x51b6, seq=2/512, ttl=64 90:e2:ba:81:49:14 -> 90:e2:ba:82:2c:7c
142 2018-02-12 01:44:31.262142 IntelCor_82:2c:7c -> IntelCor_81:49:14 ARP 10.10.1.2 is at 90:e2:ba:82:2c:7c 90:e2:ba:82:2c:7c -> 90:e2:ba:81:49:14
143 2018-02-12 01:44:31.262145    10.10.1.1 -> 10.10.2.1    ICMP Echo (ping) request  id=0x51b6, seq=3/768, ttl=64 90:e2:ba:81:49:14 -> 90:e2:ba:82:2c:7c
144 2018-02-12 01:44:31.262150    10.10.1.1 -> 10.10.2.1    ICMP Echo (ping) request  id=0x51b6, seq=4/1024, ttl=64 90:e2:ba:81:49:14 -> 90:e2:ba:82:2c:7c
145 2018-02-12 01:44:31.262154    10.10.1.1 -> 10.10.2.1    ICMP Echo (ping) request  id=0x51b6, seq=5/1280, ttl=64 90:e2:ba:81:49:14 -> 90:e2:ba:82:2c:7c
146 2018-02-12 01:44:31.262157    10.10.1.1 -> 10.10.2.1    ICMP Echo (ping) request  id=0x51b7, seq=13/3328, ttl=64 90:e2:ba:81:49:14 -> 90:e2:ba:82:2c:7c
147 2018-02-12 01:44:31.262259    10.10.2.1 -> 10.10.1.1    ICMP Echo (ping) reply    id=0x51b6, seq=1/256, ttl=63 (request in 139) 90:e2:ba:82:2c:7c -> 90:e2:ba:81:49:14
148 2018-02-12 01:44:31.262277    10.10.2.1 -> 10.10.1.1    ICMP Echo (ping) reply    id=0x51b6, seq=2/512, ttl=63 (request in 141) 90:e2:ba:82:2c:7c -> 90:e2:ba:81:49:14
149 2018-02-12 01:44:31.262294    10.10.2.1 -> 10.10.1.1    ICMP Echo (ping) reply    id=0x51b6, seq=3/768, ttl=63 (request in 143) 90:e2:ba:82:2c:7c -> 90:e2:ba:81:49:14
150 2018-02-12 01:44:31.262307    10.10.2.1 -> 10.10.1.1    ICMP Echo (ping) reply    id=0x51b6, seq=4/1024, ttl=63 (request in 144) 90:e2:ba:82:2c:7c -> 90:e2:ba:81:49:14
151 2018-02-12 01:44:31.262321    10.10.2.1 -> 10.10.1.1    ICMP Echo (ping) reply    id=0x51b6, seq=5/1280, ttl=63 (request in 145) 90:e2:ba:82:2c:7c -> 90:e2:ba:81:49:14
152 2018-02-12 01:44:31.262337    10.10.2.1 -> 10.10.1.1    ICMP Echo (ping) reply    id=0x51b7, seq=13/3328, ttl=63 (request in 146) 90:e2:ba:82:2c:7c -> 90:e2:ba:81:49:14
153 2018-02-12 01:44:31.282132    10.10.1.1 -> 10.10.2.1    ICMP Echo (ping) request  id=0x51b6, seq=1/256, ttl=64 90:e2:ba:81:49:14 -> 90:e2:ba:82:2c:7c
154 2018-02-12 01:44:31.282139 IntelCor_81:49:14 -> IntelCor_82:2c:7c ARP Who has 10.10.1.2?  Tell 10.10.1.1 90:e2:ba:81:49:14 -> 90:e2:ba:82:2c:7c
155 2018-02-12 01:44:31.282155    10.10.1.1 -> 10.10.2.1    ICMP Echo (ping) request  id=0x51b6, seq=2/512, ttl=64 90:e2:ba:81:49:14 -> 90:e2:ba:82:2c:7c
156 2018-02-12 01:44:31.282160 IntelCor_82:2c:7c -> IntelCor_81:49:14 ARP 10.10.1.2 is at 90:e2:ba:82:2c:7c 90:e2:ba:82:2c:7c -> 90:e2:ba:81:49:14
157 2018-02-12 01:44:31.282163    10.10.1.1 -> 10.10.2.1    ICMP Echo (ping) request  id=0x51b6, seq=3/768, ttl=64 90:e2:ba:81:49:14 -> 90:e2:ba:82:2c:7c
158 2018-02-12 01:44:31.282168    10.10.1.1 -> 10.10.2.1    ICMP Echo (ping) request  id=0x51b6, seq=4/1024, ttl=64 90:e2:ba:81:49:14 -> 90:e2:ba:82:2c:7c
159 2018-02-12 01:44:31.282172    10.10.1.1 -> 10.10.2.1    ICMP Echo (ping) request  id=0x51b6, seq=5/1280, ttl=64 90:e2:ba:81:49:14 -> 90:e2:ba:82:2c:7c
160 2018-02-12 01:44:31.282175    10.10.1.1 -> 10.10.2.1    ICMP Echo (ping) request  id=0x51b7, seq=12/3072, ttl=64 90:e2:ba:81:49:14 -> 90:e2:ba:82:2c:7c
161 2018-02-12 01:44:31.282278    10.10.2.1 -> 10.10.1.1    ICMP Echo (ping) reply    id=0x51b6, seq=1/256, ttl=63 (request in 153) 90:e2:ba:82:2c:7c -> 90:e2:ba:81:49:14
162 2018-02-12 01:44:31.282297    10.10.2.1 -> 10.10.1.1    ICMP Echo (ping) reply    id=0x51b6, seq=2/512, ttl=63 (request in 155) 90:e2:ba:82:2c:7c -> 90:e2:ba:81:49:14
163 2018-02-12 01:44:31.282303    10.10.2.1 -> 10.10.1.1    ICMP Echo (ping) reply    id=0x51b6, seq=3/768, ttl=63 (request in 157) 90:e2:ba:82:2c:7c -> 90:e2:ba:81:49:14
164 2018-02-12 01:44:31.282308    10.10.2.1 -> 10.10.1.1    ICMP Echo (ping) reply    id=0x51b6, seq=4/1024, ttl=63 (request in 158) 90:e2:ba:82:2c:7c -> 90:e2:ba:81:49:14
165 2018-02-12 01:44:31.282312    10.10.2.1 -> 10.10.1.1    ICMP Echo (ping) reply    id=0x51b6, seq=5/1280, ttl=63 (request in 159) 90:e2:ba:82:2c:7c -> 90:e2:ba:81:49:14
166 2018-02-12 01:44:31.282317    10.10.2.1 -> 10.10.1.1    ICMP Echo (ping) reply    id=0x51b7, seq=12/3072, ttl=63 (request in 160) 90:e2:ba:82:2c:7c -> 90:e2:ba:81:49:14
167 2018-02-12 01:44:31.306117    10.10.1.1 -> 10.10.2.1    ICMP Echo (ping) request  id=0x51b6, seq=1/256, ttl=64 90:e2:ba:81:49:14 -> 90:e2:ba:82:2c:7c
168 2018-02-12 01:44:31.306122 IntelCor_81:49:14 -> IntelCor_82:2c:7c ARP Who has 10.10.1.2?  Tell 10.10.1.1 90:e2:ba:81:49:14 -> 90:e2:ba:82:2c:7c
169 2018-02-12 01:44:31.306143    10.10.1.1 -> 10.10.2.1    ICMP Echo (ping) request  id=0x51b6, seq=2/512, ttl=64 90:e2:ba:81:49:14 -> 90:e2:ba:82:2c:7c
170 2018-02-12 01:44:31.306147 IntelCor_82:2c:7c -> IntelCor_81:49:14 ARP 10.10.1.2 is at 90:e2:ba:82:2c:7c 90:e2:ba:82:2c:7c -> 90:e2:ba:81:49:14
171 2018-02-12 01:44:31.306150    10.10.1.1 -> 10.10.2.1    ICMP Echo (ping) request  id=0x51b6, seq=3/768, ttl=64 90:e2:ba:81:49:14 -> 90:e2:ba:82:2c:7c
172 2018-02-12 01:44:31.306155    10.10.1.1 -> 10.10.2.1    ICMP Echo (ping) request  id=0x51b6, seq=4/1024, ttl=64 90:e2:ba:81:49:14 -> 90:e2:ba:82:2c:7c
173 2018-02-12 01:44:31.306160    10.10.1.1 -> 10.10.2.1    ICMP Echo (ping) request  id=0x51b6, seq=5/1280, ttl=64 90:e2:ba:81:49:14 -> 90:e2:ba:82:2c:7c
174 2018-02-12 01:44:31.306163    10.10.1.1 -> 10.10.2.1    ICMP Echo (ping) request  id=0x51b7, seq=13/3328, ttl=64 90:e2:ba:81:49:14 -> 90:e2:ba:82:2c:7c
175 2018-02-12 01:44:31.306269    10.10.2.1 -> 10.10.1.1    ICMP Echo (ping) reply    id=0x51b6, seq=1/256, ttl=63 (request in 167) 90:e2:ba:82:2c:7c -> 90:e2:ba:81:49:14
176 2018-02-12 01:44:31.306288    10.10.2.1 -> 10.10.1.1    ICMP Echo (ping) reply    id=0x51b6, seq=2/512, ttl=63 (request in 169) 90:e2:ba:82:2c:7c -> 90:e2:ba:81:49:14
177 2018-02-12 01:44:31.306302    10.10.2.1 -> 10.10.1.1    ICMP Echo (ping) reply    id=0x51b6, seq=3/768, ttl=63 (request in 171) 90:e2:ba:82:2c:7c -> 90:e2:ba:81:49:14
178 2018-02-12 01:44:31.306318    10.10.2.1 -> 10.10.1.1    ICMP Echo (ping) reply    id=0x51b6, seq=4/1024, ttl=63 (request in 172) 90:e2:ba:82:2c:7c -> 90:e2:ba:81:49:14
179 2018-02-12 01:44:31.306330    10.10.2.1 -> 10.10.1.1    ICMP Echo (ping) reply    id=0x51b6, seq=5/1280, ttl=63 (request in 173) 90:e2:ba:82:2c:7c -> 90:e2:ba:81:49:14
180 2018-02-12 01:44:31.306346    10.10.2.1 -> 10.10.1.1    ICMP Echo (ping) reply    id=0x51b7, seq=13/3328, ttl=63 (request in 174) 90:e2:ba:82:2c:7c -> 90:e2:ba:81:49:14
181 2018-02-12 01:44:31.326112    10.10.1.1 -> 10.10.2.1    ICMP Echo (ping) request  id=0x51b6, seq=1/256, ttl=64 90:e2:ba:81:49:14 -> 90:e2:ba:82:2c:7c
182 2018-02-12 01:44:31.326119 IntelCor_81:49:14 -> IntelCor_82:2c:7c ARP Who has 10.10.1.2?  Tell 10.10.1.1 90:e2:ba:81:49:14 -> 90:e2:ba:82:2c:7c
183 2018-02-12 01:44:31.326138    10.10.1.1 -> 10.10.2.1    ICMP Echo (ping) request  id=0x51b6, seq=2/512, ttl=64 90:e2:ba:81:49:14 -> 90:e2:ba:82:2c:7c
184 2018-02-12 01:44:31.326141 IntelCor_82:2c:7c -> IntelCor_81:49:14 ARP 10.10.1.2 is at 90:e2:ba:82:2c:7c 90:e2:ba:82:2c:7c -> 90:e2:ba:81:49:14
185 2018-02-12 01:44:31.326146    10.10.1.1 -> 10.10.2.1    ICMP Echo (ping) request  id=0x51b6, seq=3/768, ttl=64 90:e2:ba:81:49:14 -> 90:e2:ba:82:2c:7c
186 2018-02-12 01:44:31.326151    10.10.1.1 -> 10.10.2.1    ICMP Echo (ping) request  id=0x51b6, seq=4/1024, ttl=64 90:e2:ba:81:49:14 -> 90:e2:ba:82:2c:7c
187 2018-02-12 01:44:31.326155    10.10.1.1 -> 10.10.2.1    ICMP Echo (ping) request  id=0x51b6, seq=5/1280, ttl=64 90:e2:ba:81:49:14 -> 90:e2:ba:82:2c:7c
188 2018-02-12 01:44:31.326259    10.10.2.1 -> 10.10.1.1    ICMP Echo (ping) reply    id=0x51b6, seq=1/256, ttl=63 (request in 181) 90:e2:ba:82:2c:7c -> 90:e2:ba:81:49:14
189 2018-02-12 01:44:31.326278    10.10.2.1 -> 10.10.1.1    ICMP Echo (ping) reply    id=0x51b6, seq=2/512, ttl=63 (request in 183) 90:e2:ba:82:2c:7c -> 90:e2:ba:81:49:14
190 2018-02-12 01:44:31.326291    10.10.2.1 -> 10.10.1.1    ICMP Echo (ping) reply    id=0x51b6, seq=3/768, ttl=63 (request in 185) 90:e2:ba:82:2c:7c -> 90:e2:ba:81:49:14
191 2018-02-12 01:44:31.326308    10.10.2.1 -> 10.10.1.1    ICMP Echo (ping) reply    id=0x51b6, seq=4/1024, ttl=63 (request in 186) 90:e2:ba:82:2c:7c -> 90:e2:ba:81:49:14
192 2018-02-12 01:44:31.326320    10.10.2.1 -> 10.10.1.1    ICMP Echo (ping) reply    id=0x51b6, seq=5/1280, ttl=63 (request in 187) 90:e2:ba:82:2c:7c -> 90:e2:ba:81:49:14
193 2018-02-12 01:44:31.346102    10.10.1.1 -> 10.10.2.1    ICMP Echo (ping) request  id=0x51b6, seq=1/256, ttl=64 90:e2:ba:81:49:14 -> 90:e2:ba:82:2c:7c
194 2018-02-12 01:44:31.346120 IntelCor_81:49:14 -> IntelCor_82:2c:7c ARP Who has 10.10.1.2?  Tell 10.10.1.1 90:e2:ba:81:49:14 -> 90:e2:ba:82:2c:7c
195 2018-02-12 01:44:31.346127    10.10.1.1 -> 10.10.2.1    ICMP Echo (ping) request  id=0x51b6, seq=2/512, ttl=64 90:e2:ba:81:49:14 -> 90:e2:ba:82:2c:7c
196 2018-02-12 01:44:31.346138    10.10.1.1 -> 10.10.2.1    ICMP Echo (ping) request  id=0x51b6, seq=3/768, ttl=64 90:e2:ba:81:49:14 -> 90:e2:ba:82:2c:7c
197 2018-02-12 01:44:31.346142    10.10.1.1 -> 10.10.2.1    ICMP Echo (ping) request  id=0x51b6, seq=4/1024, ttl=64 90:e2:ba:81:49:14 -> 90:e2:ba:82:2c:7c
198 2018-02-12 01:44:31.346146    10.10.1.1 -> 10.10.2.1    ICMP Echo (ping) request  id=0x51b6, seq=5/1280, ttl=64 90:e2:ba:81:49:14 -> 90:e2:ba:82:2c:7c
199 2018-02-12 01:44:31.346148 IntelCor_82:2c:7c -> IntelCor_81:49:14 ARP 10.10.1.2 is at 90:e2:ba:82:2c:7c 90:e2:ba:82:2c:7c -> 90:e2:ba:81:49:14
200 2018-02-12 01:44:31.346249    10.10.2.1 -> 10.10.1.1    ICMP Echo (ping) reply    id=0x51b6, seq=1/256, ttl=63 (request in 193) 90:e2:ba:82:2c:7c -> 90:e2:ba:81:49:14
201 2018-02-12 01:44:31.346267    10.10.2.1 -> 10.10.1.1    ICMP Echo (ping) reply    id=0x51b6, seq=2/512, ttl=63 (request in 195) 90:e2:ba:82:2c:7c -> 90:e2:ba:81:49:14
202 2018-02-12 01:44:31.346282    10.10.2.1 -> 10.10.1.1    ICMP Echo (ping) reply    id=0x51b6, seq=3/768, ttl=63 (request in 196) 90:e2:ba:82:2c:7c -> 90:e2:ba:81:49:14
203 2018-02-12 01:44:31.346294    10.10.2.1 -> 10.10.1.1    ICMP Echo (ping) reply    id=0x51b6, seq=4/1024, ttl=63 (request in 197) 90:e2:ba:82:2c:7c -> 90:e2:ba:81:49:14
204 2018-02-12 01:44:31.346299    10.10.2.1 -> 10.10.1.1    ICMP Echo (ping) reply    id=0x51b6, seq=5/1280, ttl=63 (request in 198) 90:e2:ba:82:2c:7c -> 90:e2:ba:81:49:14
205 2018-02-12 01:44:31.366122    10.10.1.1 -> 10.10.2.1    ICMP Echo (ping) request  id=0x51b6, seq=1/256, ttl=64 90:e2:ba:81:49:14 -> 90:e2:ba:82:2c:7c
206 2018-02-12 01:44:31.366129 IntelCor_81:49:14 -> IntelCor_82:2c:7c ARP Who has 10.10.1.2?  Tell 10.10.1.1 90:e2:ba:81:49:14 -> 90:e2:ba:82:2c:7c
207 2018-02-12 01:44:31.366147    10.10.1.1 -> 10.10.2.1    ICMP Echo (ping) request  id=0x51b6, seq=2/512, ttl=64 90:e2:ba:81:49:14 -> 90:e2:ba:82:2c:7c
208 2018-02-12 01:44:31.366152 IntelCor_82:2c:7c -> IntelCor_81:49:14 ARP 10.10.1.2 is at 90:e2:ba:82:2c:7c 90:e2:ba:82:2c:7c -> 90:e2:ba:81:49:14
209 2018-02-12 01:44:31.366155    10.10.1.1 -> 10.10.2.1    ICMP Echo (ping) request  id=0x51b6, seq=3/768, ttl=64 90:e2:ba:81:49:14 -> 90:e2:ba:82:2c:7c
210 2018-02-12 01:44:31.366160    10.10.1.1 -> 10.10.2.1    ICMP Echo (ping) request  id=0x51b6, seq=4/1024, ttl=64 90:e2:ba:81:49:14 -> 90:e2:ba:82:2c:7c
211 2018-02-12 01:44:31.366164    10.10.1.1 -> 10.10.2.1    ICMP Echo (ping) request  id=0x51b6, seq=5/1280, ttl=64 90:e2:ba:81:49:14 -> 90:e2:ba:82:2c:7c
212 2018-02-12 01:44:31.366271    10.10.2.1 -> 10.10.1.1    ICMP Echo (ping) reply    id=0x51b6, seq=1/256, ttl=63 (request in 205) 90:e2:ba:82:2c:7c -> 90:e2:ba:81:49:14
213 2018-02-12 01:44:31.366292    10.10.2.1 -> 10.10.1.1    ICMP Echo (ping) reply    id=0x51b6, seq=2/512, ttl=63 (request in 207) 90:e2:ba:82:2c:7c -> 90:e2:ba:81:49:14
214 2018-02-12 01:44:31.366303    10.10.2.1 -> 10.10.1.1    ICMP Echo (ping) reply    id=0x51b6, seq=3/768, ttl=63 (request in 209) 90:e2:ba:82:2c:7c -> 90:e2:ba:81:49:14
215 2018-02-12 01:44:31.366320    10.10.2.1 -> 10.10.1.1    ICMP Echo (ping) reply    id=0x51b6, seq=4/1024, ttl=63 (request in 210) 90:e2:ba:82:2c:7c -> 90:e2:ba:81:49:14
216 2018-02-12 01:44:31.366331    10.10.2.1 -> 10.10.1.1    ICMP Echo (ping) reply    id=0x51b6, seq=5/1280, ttl=63 (request in 211) 90:e2:ba:82:2c:7c -> 90:e2:ba:81:49:14
217 2018-02-12 01:44:31.386107    10.10.1.1 -> 10.10.2.1    ICMP Echo (ping) request  id=0x51b6, seq=1/256, ttl=64 90:e2:ba:81:49:14 -> 90:e2:ba:82:2c:7c
218 2018-02-12 01:44:31.386114 IntelCor_81:49:14 -> IntelCor_82:2c:7c ARP Who has 10.10.1.2?  Tell 10.10.1.1 90:e2:ba:81:49:14 -> 90:e2:ba:82:2c:7c
219 2018-02-12 01:44:31.386132    10.10.1.1 -> 10.10.2.1    ICMP Echo (ping) request  id=0x51b6, seq=2/512, ttl=64 90:e2:ba:81:49:14 -> 90:e2:ba:82:2c:7c
220 2018-02-12 01:44:31.386137 IntelCor_82:2c:7c -> IntelCor_81:49:14 ARP 10.10.1.2 is at 90:e2:ba:82:2c:7c 90:e2:ba:82:2c:7c -> 90:e2:ba:81:49:14
221 2018-02-12 01:44:31.386139    10.10.1.1 -> 10.10.2.1    ICMP Echo (ping) request  id=0x51b6, seq=3/768, ttl=64 90:e2:ba:81:49:14 -> 90:e2:ba:82:2c:7c
222 2018-02-12 01:44:31.386145    10.10.1.1 -> 10.10.2.1    ICMP Echo (ping) request  id=0x51b6, seq=4/1024, ttl=64 90:e2:ba:81:49:14 -> 90:e2:ba:82:2c:7c
223 2018-02-12 01:44:31.386149    10.10.1.1 -> 10.10.2.1    ICMP Echo (ping) request  id=0x51b6, seq=5/1280, ttl=64 90:e2:ba:81:49:14 -> 90:e2:ba:82:2c:7c
224 2018-02-12 01:44:31.386259    10.10.2.1 -> 10.10.1.1    ICMP Echo (ping) reply    id=0x51b6, seq=1/256, ttl=63 (request in 217) 90:e2:ba:82:2c:7c -> 90:e2:ba:81:49:14
225 2018-02-12 01:44:31.386277    10.10.2.1 -> 10.10.1.1    ICMP Echo (ping) reply    id=0x51b6, seq=2/512, ttl=63 (request in 219) 90:e2:ba:82:2c:7c -> 90:e2:ba:81:49:14
226 2018-02-12 01:44:31.386290    10.10.2.1 -> 10.10.1.1    ICMP Echo (ping) reply    id=0x51b6, seq=3/768, ttl=63 (request in 221) 90:e2:ba:82:2c:7c -> 90:e2:ba:81:49:14
227 2018-02-12 01:44:31.386306    10.10.2.1 -> 10.10.1.1    ICMP Echo (ping) reply    id=0x51b6, seq=4/1024, ttl=63 (request in 222) 90:e2:ba:82:2c:7c -> 90:e2:ba:81:49:14
228 2018-02-12 01:44:31.386321    10.10.2.1 -> 10.10.1.1    ICMP Echo (ping) reply    id=0x51b6, seq=5/1280, ttl=63 (request in 223) 90:e2:ba:82:2c:7c -> 90:e2:ba:81:49:14
229 2018-02-12 01:44:31.410073    10.10.1.1 -> 10.10.2.1    ICMP Echo (ping) request  id=0x51b6, seq=1/256, ttl=64 90:e2:ba:81:49:14 -> 90:e2:ba:82:2c:7c
230 2018-02-12 01:44:31.410093    10.10.1.1 -> 10.10.2.1    ICMP Echo (ping) request  id=0x51b6, seq=2/512, ttl=64 90:e2:ba:81:49:14 -> 90:e2:ba:82:2c:7c
231 2018-02-12 01:44:31.410098    10.10.1.1 -> 10.10.2.1    ICMP Echo (ping) request  id=0x51b6, seq=3/768, ttl=64 90:e2:ba:81:49:14 -> 90:e2:ba:82:2c:7c
232 2018-02-12 01:44:31.410103    10.10.1.1 -> 10.10.2.1    ICMP Echo (ping) request  id=0x51b6, seq=4/1024, ttl=64 90:e2:ba:81:49:14 -> 90:e2:ba:82:2c:7c
233 2018-02-12 01:44:31.410107    10.10.1.1 -> 10.10.2.1    ICMP Echo (ping) request  id=0x51b6, seq=5/1280, ttl=64 90:e2:ba:81:49:14 -> 90:e2:ba:82:2c:7c
234 2018-02-12 01:44:31.410115 IntelCor_81:49:14 -> IntelCor_82:2c:7c ARP Who has 10.10.1.2?  Tell 10.10.1.1 90:e2:ba:81:49:14 -> 90:e2:ba:82:2c:7c
235 2018-02-12 01:44:31.410135 IntelCor_82:2c:7c -> IntelCor_81:49:14 ARP 10.10.1.2 is at 90:e2:ba:82:2c:7c 90:e2:ba:82:2c:7c -> 90:e2:ba:81:49:14
236 2018-02-12 01:44:31.410161    10.10.1.1 -> 10.10.2.1    ICMP Echo (ping) request  id=0x51b7, seq=10/2560, ttl=64 90:e2:ba:81:49:14 -> 90:e2:ba:82:2c:7c
237 2018-02-12 01:44:31.410193    10.10.2.1 -> 10.10.1.1    ICMP Echo (ping) reply    id=0x51b6, seq=1/256, ttl=63 (request in 229) 90:e2:ba:82:2c:7c -> 90:e2:ba:81:49:14
238 2018-02-12 01:44:31.410208    10.10.2.1 -> 10.10.1.1    ICMP Echo (ping) reply    id=0x51b6, seq=2/512, ttl=63 (request in 230) 90:e2:ba:82:2c:7c -> 90:e2:ba:81:49:14
239 2018-02-12 01:44:31.410215    10.10.2.1 -> 10.10.1.1    ICMP Echo (ping) reply    id=0x51b6, seq=3/768, ttl=63 (request in 231) 90:e2:ba:82:2c:7c -> 90:e2:ba:81:49:14
240 2018-02-12 01:44:31.410219    10.10.2.1 -> 10.10.1.1    ICMP Echo (ping) reply    id=0x51b6, seq=4/1024, ttl=63 (request in 232) 90:e2:ba:82:2c:7c -> 90:e2:ba:81:49:14
241 2018-02-12 01:44:31.410223    10.10.2.1 -> 10.10.1.1    ICMP Echo (ping) reply    id=0x51b6, seq=5/1280, ttl=63 (request in 233) 90:e2:ba:82:2c:7c -> 90:e2:ba:81:49:14
242 2018-02-12 01:44:31.410227    10.10.2.1 -> 10.10.1.1    ICMP Echo (ping) reply    id=0x51b7, seq=10/2560, ttl=63 (request in 236) 90:e2:ba:82:2c:7c -> 90:e2:ba:81:49:14
243 2018-02-12 01:44:31.410229 IntelCor_81:49:14 -> IntelCor_82:2c:7c ARP 10.10.1.1 is at 90:e2:ba:81:49:14 90:e2:ba:81:49:14 -> 90:e2:ba:82:2c:7c
244 2018-02-12 01:44:31.410229    10.10.1.1 -> 10.10.2.1    ICMP Echo (ping) request  id=0x51b7, seq=28/7168, ttl=64 90:e2:ba:81:49:14 -> 90:e2:ba:82:2c:7c
245 2018-02-12 01:44:31.410277    10.10.2.1 -> 10.10.1.1    ICMP Echo (ping) reply    id=0x51b7, seq=28/7168, ttl=63 (request in 244) 90:e2:ba:82:2c:7c -> 90:e2:ba:81:49:14
246 2018-02-12 01:44:31.430114    10.10.1.1 -> 10.10.2.1    ICMP Echo (ping) request  id=0x51b6, seq=1/256, ttl=64 90:e2:ba:81:49:14 -> 90:e2:ba:82:2c:7c
247 2018-02-12 01:44:31.430121 IntelCor_81:49:14 -> IntelCor_82:2c:7c ARP Who has 10.10.1.2?  Tell 10.10.1.1 90:e2:ba:81:49:14 -> 90:e2:ba:82:2c:7c
248 2018-02-12 01:44:31.430136 IntelCor_82:2c:7c -> IntelCor_81:49:14 ARP 10.10.1.2 is at 90:e2:ba:82:2c:7c 90:e2:ba:82:2c:7c -> 90:e2:ba:81:49:14
249 2018-02-12 01:44:31.430137    10.10.1.1 -> 10.10.2.1    ICMP Echo (ping) request  id=0x51b6, seq=2/512, ttl=64 90:e2:ba:81:49:14 -> 90:e2:ba:82:2c:7c
250 2018-02-12 01:44:31.430144    10.10.1.1 -> 10.10.2.1    ICMP Echo (ping) request  id=0x51b6, seq=3/768, ttl=64 90:e2:ba:81:49:14 -> 90:e2:ba:82:2c:7c
251 2018-02-12 01:44:31.430148    10.10.1.1 -> 10.10.2.1    ICMP Echo (ping) request  id=0x51b6, seq=4/1024, ttl=64 90:e2:ba:81:49:14 -> 90:e2:ba:82:2c:7c
252 2018-02-12 01:44:31.430152    10.10.1.1 -> 10.10.2.1    ICMP Echo (ping) request  id=0x51b6, seq=5/1280, ttl=64 90:e2:ba:81:49:14 -> 90:e2:ba:82:2c:7c
253 2018-02-12 01:44:31.430156    10.10.1.1 -> 10.10.2.1    ICMP Echo (ping) request  id=0x51b7, seq=12/3072, ttl=64 90:e2:ba:81:49:14 -> 90:e2:ba:82:2c:7c
254 2018-02-12 01:44:31.430234    10.10.2.1 -> 10.10.1.1    ICMP Echo (ping) reply    id=0x51b6, seq=1/256, ttl=63 (request in 246) 90:e2:ba:82:2c:7c -> 90:e2:ba:81:49:14
255 2018-02-12 01:44:31.430250    10.10.2.1 -> 10.10.1.1    ICMP Echo (ping) reply    id=0x51b6, seq=2/512, ttl=63 (request in 249) 90:e2:ba:82:2c:7c -> 90:e2:ba:81:49:14
256 2018-02-12 01:44:31.430257    10.10.2.1 -> 10.10.1.1    ICMP Echo (ping) reply    id=0x51b6, seq=3/768, ttl=63 (request in 250) 90:e2:ba:82:2c:7c -> 90:e2:ba:81:49:14
257 2018-02-12 01:44:31.430261    10.10.2.1 -> 10.10.1.1    ICMP Echo (ping) reply    id=0x51b6, seq=4/1024, ttl=63 (request in 251) 90:e2:ba:82:2c:7c -> 90:e2:ba:81:49:14
258 2018-02-12 01:44:31.430266    10.10.2.1 -> 10.10.1.1    ICMP Echo (ping) reply    id=0x51b6, seq=5/1280, ttl=63 (request in 252) 90:e2:ba:82:2c:7c -> 90:e2:ba:81:49:14
259 2018-02-12 01:44:31.430270    10.10.2.1 -> 10.10.1.1    ICMP Echo (ping) reply    id=0x51b7, seq=12/3072, ttl=63 (request in 253) 90:e2:ba:82:2c:7c -> 90:e2:ba:81:49:14
