  1 2018-02-13 20:50:57.323265    10.10.1.1 -> 10.10.2.1    ICMP Echo (ping) request  id=0x693e, seq=1/256, ttl=63 90:e2:ba:82:2c:7d -> 90:e2:ba:3e:a6:e8
  2 2018-02-13 20:50:57.323281    10.10.1.1 -> 10.10.2.1    ICMP Echo (ping) request  id=0x693e, seq=2/512, ttl=63 90:e2:ba:82:2c:7d -> 90:e2:ba:3e:a6:e8
  3 2018-02-13 20:50:57.323289    10.10.1.1 -> 10.10.2.1    ICMP Echo (ping) request  id=0x693e, seq=3/768, ttl=63 90:e2:ba:82:2c:7d -> 90:e2:ba:3e:a6:e8
  4 2018-02-13 20:50:57.323296    10.10.1.1 -> 10.10.2.1    ICMP Echo (ping) request  id=0x693e, seq=4/1024, ttl=63 90:e2:ba:82:2c:7d -> 90:e2:ba:3e:a6:e8
  5 2018-02-13 20:50:57.323319    10.10.1.1 -> 10.10.2.1    ICMP Echo (ping) request  id=0x693e, seq=5/1280, ttl=63 90:e2:ba:82:2c:7d -> 90:e2:ba:3e:a6:e8
  6 2018-02-13 20:50:57.323336    10.10.1.1 -> 10.10.2.1    ICMP Echo (ping) request  id=0x693e, seq=6/1536, ttl=63 90:e2:ba:82:2c:7d -> 90:e2:ba:3e:a6:e8
  7 2018-02-13 20:50:57.323351    10.10.1.1 -> 10.10.2.1    ICMP Echo (ping) request  id=0x693e, seq=7/1792, ttl=63 90:e2:ba:82:2c:7d -> 90:e2:ba:3e:a6:e8
  8 2018-02-13 20:50:57.323365    10.10.1.1 -> 10.10.2.1    ICMP Echo (ping) request  id=0x693e, seq=8/2048, ttl=63 90:e2:ba:82:2c:7d -> 90:e2:ba:3e:a6:e8
  9 2018-02-13 20:50:57.323379    10.10.1.1 -> 10.10.2.1    ICMP Echo (ping) request  id=0x693e, seq=9/2304, ttl=63 90:e2:ba:82:2c:7d -> 90:e2:ba:3e:a6:e8
 10 2018-02-13 20:50:57.323392    10.10.1.1 -> 10.10.2.1    ICMP Echo (ping) request  id=0x693e, seq=10/2560, ttl=63 90:e2:ba:82:2c:7d -> 90:e2:ba:3e:a6:e8
 11 2018-02-13 20:50:57.323402    10.10.1.1 -> 10.10.2.1    ICMP Echo (ping) request  id=0x693e, seq=11/2816, ttl=63 90:e2:ba:82:2c:7d -> 90:e2:ba:3e:a6:e8
 12 2018-02-13 20:50:57.323406    10.10.2.1 -> 10.10.1.1    ICMP Echo (ping) reply    id=0x693e, seq=1/256, ttl=64 (request in 1) 90:e2:ba:3e:a6:e8 -> 90:e2:ba:82:2c:7d
 13 2018-02-13 20:50:57.323411    10.10.1.1 -> 10.10.2.1    ICMP Echo (ping) request  id=0x693e, seq=12/3072, ttl=63 90:e2:ba:82:2c:7d -> 90:e2:ba:3e:a6:e8
 14 2018-02-13 20:50:57.323422    10.10.1.1 -> 10.10.2.1    ICMP Echo (ping) request  id=0x693e, seq=13/3328, ttl=63 90:e2:ba:82:2c:7d -> 90:e2:ba:3e:a6:e8
 15 2018-02-13 20:50:57.323427    10.10.1.1 -> 10.10.2.1    ICMP Echo (ping) request  id=0x693e, seq=14/3584, ttl=63 90:e2:ba:82:2c:7d -> 90:e2:ba:3e:a6:e8
 16 2018-02-13 20:50:57.323432    10.10.1.1 -> 10.10.2.1    ICMP Echo (ping) request  id=0x693e, seq=15/3840, ttl=63 90:e2:ba:82:2c:7d -> 90:e2:ba:3e:a6:e8
 17 2018-02-13 20:50:57.323438    10.10.1.1 -> 10.10.2.1    ICMP Echo (ping) request  id=0x693e, seq=16/4096, ttl=63 90:e2:ba:82:2c:7d -> 90:e2:ba:3e:a6:e8
 18 2018-02-13 20:50:57.323439    10.10.2.1 -> 10.10.1.1    ICMP Echo (ping) reply    id=0x693e, seq=2/512, ttl=64 (request in 2) 90:e2:ba:3e:a6:e8 -> 90:e2:ba:82:2c:7d
 19 2018-02-13 20:50:57.323443    10.10.1.1 -> 10.10.2.1    ICMP Echo (ping) request  id=0x693e, seq=17/4352, ttl=63 90:e2:ba:82:2c:7d -> 90:e2:ba:3e:a6:e8
 20 2018-02-13 20:50:57.323449    10.10.2.1 -> 10.10.1.1    ICMP Echo (ping) reply    id=0x693e, seq=3/768, ttl=64 (request in 3) 90:e2:ba:3e:a6:e8 -> 90:e2:ba:82:2c:7d
 21 2018-02-13 20:50:57.323449    10.10.1.1 -> 10.10.2.1    ICMP Echo (ping) request  id=0x693e, seq=18/4608, ttl=63 90:e2:ba:82:2c:7d -> 90:e2:ba:3e:a6:e8
 22 2018-02-13 20:50:57.323456    10.10.1.1 -> 10.10.2.1    ICMP Echo (ping) request  id=0x693e, seq=19/4864, ttl=63 90:e2:ba:82:2c:7d -> 90:e2:ba:3e:a6:e8
 23 2018-02-13 20:50:57.323457    10.10.2.1 -> 10.10.1.1    ICMP Echo (ping) reply    id=0x693e, seq=4/1024, ttl=64 (request in 4) 90:e2:ba:3e:a6:e8 -> 90:e2:ba:82:2c:7d
 24 2018-02-13 20:50:57.323460    10.10.1.1 -> 10.10.2.1    ICMP Echo (ping) request  id=0x693e, seq=20/5120, ttl=63 90:e2:ba:82:2c:7d -> 90:e2:ba:3e:a6:e8
 25 2018-02-13 20:50:57.323463    10.10.2.1 -> 10.10.1.1    ICMP Echo (ping) reply    id=0x693e, seq=5/1280, ttl=64 (request in 5) 90:e2:ba:3e:a6:e8 -> 90:e2:ba:82:2c:7d
 26 2018-02-13 20:50:57.323467    10.10.1.1 -> 10.10.2.1    ICMP Echo (ping) request  id=0x693e, seq=21/5376, ttl=63 90:e2:ba:82:2c:7d -> 90:e2:ba:3e:a6:e8
 27 2018-02-13 20:50:57.323469    10.10.2.1 -> 10.10.1.1    ICMP Echo (ping) reply    id=0x693e, seq=6/1536, ttl=64 (request in 6) 90:e2:ba:3e:a6:e8 -> 90:e2:ba:82:2c:7d
 28 2018-02-13 20:50:57.323473    10.10.1.1 -> 10.10.2.1    ICMP Echo (ping) request  id=0x693e, seq=22/5632, ttl=63 90:e2:ba:82:2c:7d -> 90:e2:ba:3e:a6:e8
 29 2018-02-13 20:50:57.323475    10.10.2.1 -> 10.10.1.1    ICMP Echo (ping) reply    id=0x693e, seq=7/1792, ttl=64 (request in 7) 90:e2:ba:3e:a6:e8 -> 90:e2:ba:82:2c:7d
 30 2018-02-13 20:50:57.323479    10.10.1.1 -> 10.10.2.1    ICMP Echo (ping) request  id=0x693e, seq=23/5888, ttl=63 90:e2:ba:82:2c:7d -> 90:e2:ba:3e:a6:e8
 31 2018-02-13 20:50:57.323483    10.10.2.1 -> 10.10.1.1    ICMP Echo (ping) reply    id=0x693e, seq=8/2048, ttl=64 (request in 8) 90:e2:ba:3e:a6:e8 -> 90:e2:ba:82:2c:7d
 32 2018-02-13 20:50:57.323484    10.10.1.1 -> 10.10.2.1    ICMP Echo (ping) request  id=0x693e, seq=24/6144, ttl=63 90:e2:ba:82:2c:7d -> 90:e2:ba:3e:a6:e8
 33 2018-02-13 20:50:57.323489    10.10.2.1 -> 10.10.1.1    ICMP Echo (ping) reply    id=0x693e, seq=9/2304, ttl=64 (request in 9) 90:e2:ba:3e:a6:e8 -> 90:e2:ba:82:2c:7d
 34 2018-02-13 20:50:57.323490    10.10.1.1 -> 10.10.2.1    ICMP Echo (ping) request  id=0x693e, seq=25/6400, ttl=63 90:e2:ba:82:2c:7d -> 90:e2:ba:3e:a6:e8
 35 2018-02-13 20:50:57.323495    10.10.1.1 -> 10.10.2.1    ICMP Echo (ping) request  id=0x693e, seq=26/6656, ttl=63 90:e2:ba:82:2c:7d -> 90:e2:ba:3e:a6:e8
 36 2018-02-13 20:50:57.323496    10.10.2.1 -> 10.10.1.1    ICMP Echo (ping) reply    id=0x693e, seq=10/2560, ttl=64 (request in 10) 90:e2:ba:3e:a6:e8 -> 90:e2:ba:82:2c:7d
 37 2018-02-13 20:50:57.323500    10.10.1.1 -> 10.10.2.1    ICMP Echo (ping) request  id=0x693e, seq=27/6912, ttl=63 90:e2:ba:82:2c:7d -> 90:e2:ba:3e:a6:e8
 38 2018-02-13 20:50:57.323503    10.10.2.1 -> 10.10.1.1    ICMP Echo (ping) reply    id=0x693e, seq=11/2816, ttl=64 (request in 11) 90:e2:ba:3e:a6:e8 -> 90:e2:ba:82:2c:7d
 39 2018-02-13 20:50:57.323505    10.10.1.1 -> 10.10.2.1    ICMP Echo (ping) request  id=0x693e, seq=28/7168, ttl=63 90:e2:ba:82:2c:7d -> 90:e2:ba:3e:a6:e8
 40 2018-02-13 20:50:57.323509    10.10.2.1 -> 10.10.1.1    ICMP Echo (ping) reply    id=0x693e, seq=12/3072, ttl=64 (request in 13) 90:e2:ba:3e:a6:e8 -> 90:e2:ba:82:2c:7d
 41 2018-02-13 20:50:57.323511    10.10.1.1 -> 10.10.2.1    ICMP Echo (ping) request  id=0x693e, seq=29/7424, ttl=63 90:e2:ba:82:2c:7d -> 90:e2:ba:3e:a6:e8
 42 2018-02-13 20:50:57.323515    10.10.2.1 -> 10.10.1.1    ICMP Echo (ping) reply    id=0x693e, seq=13/3328, ttl=64 (request in 14) 90:e2:ba:3e:a6:e8 -> 90:e2:ba:82:2c:7d
 43 2018-02-13 20:50:57.323516    10.10.1.1 -> 10.10.2.1    ICMP Echo (ping) request  id=0x693e, seq=30/7680, ttl=63 90:e2:ba:82:2c:7d -> 90:e2:ba:3e:a6:e8
 44 2018-02-13 20:50:57.323520    10.10.2.1 -> 10.10.1.1    ICMP Echo (ping) reply    id=0x693e, seq=14/3584, ttl=64 (request in 15) 90:e2:ba:3e:a6:e8 -> 90:e2:ba:82:2c:7d
 45 2018-02-13 20:50:57.323522    10.10.1.1 -> 10.10.2.1    ICMP Echo (ping) request  id=0x693e, seq=31/7936, ttl=63 90:e2:ba:82:2c:7d -> 90:e2:ba:3e:a6:e8
 46 2018-02-13 20:50:57.323526    10.10.2.1 -> 10.10.1.1    ICMP Echo (ping) reply    id=0x693e, seq=15/3840, ttl=64 (request in 16) 90:e2:ba:3e:a6:e8 -> 90:e2:ba:82:2c:7d
 47 2018-02-13 20:50:57.323528    10.10.1.1 -> 10.10.2.1    ICMP Echo (ping) request  id=0x693e, seq=32/8192, ttl=63 90:e2:ba:82:2c:7d -> 90:e2:ba:3e:a6:e8
 48 2018-02-13 20:50:57.323532    10.10.2.1 -> 10.10.1.1    ICMP Echo (ping) reply    id=0x693e, seq=16/4096, ttl=64 (request in 17) 90:e2:ba:3e:a6:e8 -> 90:e2:ba:82:2c:7d
 49 2018-02-13 20:50:57.323533    10.10.1.1 -> 10.10.2.1    ICMP Echo (ping) request  id=0x693e, seq=33/8448, ttl=63 90:e2:ba:82:2c:7d -> 90:e2:ba:3e:a6:e8
 50 2018-02-13 20:50:57.323538    10.10.2.1 -> 10.10.1.1    ICMP Echo (ping) reply    id=0x693e, seq=17/4352, ttl=64 (request in 19) 90:e2:ba:3e:a6:e8 -> 90:e2:ba:82:2c:7d
 51 2018-02-13 20:50:57.323539    10.10.1.1 -> 10.10.2.1    ICMP Echo (ping) request  id=0x693e, seq=34/8704, ttl=63 90:e2:ba:82:2c:7d -> 90:e2:ba:3e:a6:e8
 52 2018-02-13 20:50:57.323544    10.10.1.1 -> 10.10.2.1    ICMP Echo (ping) request  id=0x693e, seq=35/8960, ttl=63 90:e2:ba:82:2c:7d -> 90:e2:ba:3e:a6:e8
 53 2018-02-13 20:50:57.323545    10.10.2.1 -> 10.10.1.1    ICMP Echo (ping) reply    id=0x693e, seq=18/4608, ttl=64 (request in 21) 90:e2:ba:3e:a6:e8 -> 90:e2:ba:82:2c:7d
 54 2018-02-13 20:50:57.323549    10.10.1.1 -> 10.10.2.1    ICMP Echo (ping) request  id=0x693e, seq=36/9216, ttl=63 90:e2:ba:82:2c:7d -> 90:e2:ba:3e:a6:e8
 55 2018-02-13 20:50:57.323551    10.10.2.1 -> 10.10.1.1    ICMP Echo (ping) reply    id=0x693e, seq=19/4864, ttl=64 (request in 22) 90:e2:ba:3e:a6:e8 -> 90:e2:ba:82:2c:7d
 56 2018-02-13 20:50:57.323554    10.10.1.1 -> 10.10.2.1    ICMP Echo (ping) request  id=0x693e, seq=37/9472, ttl=63 90:e2:ba:82:2c:7d -> 90:e2:ba:3e:a6:e8
 57 2018-02-13 20:50:57.323557    10.10.2.1 -> 10.10.1.1    ICMP Echo (ping) reply    id=0x693e, seq=20/5120, ttl=64 (request in 24) 90:e2:ba:3e:a6:e8 -> 90:e2:ba:82:2c:7d
 58 2018-02-13 20:50:57.323560    10.10.1.1 -> 10.10.2.1    ICMP Echo (ping) request  id=0x693e, seq=38/9728, ttl=63 90:e2:ba:82:2c:7d -> 90:e2:ba:3e:a6:e8
 59 2018-02-13 20:50:57.323562    10.10.2.1 -> 10.10.1.1    ICMP Echo (ping) reply    id=0x693e, seq=21/5376, ttl=64 (request in 26) 90:e2:ba:3e:a6:e8 -> 90:e2:ba:82:2c:7d
 60 2018-02-13 20:50:57.323566    10.10.1.1 -> 10.10.2.1    ICMP Echo (ping) request  id=0x693e, seq=39/9984, ttl=63 90:e2:ba:82:2c:7d -> 90:e2:ba:3e:a6:e8
 61 2018-02-13 20:50:57.323568    10.10.2.1 -> 10.10.1.1    ICMP Echo (ping) reply    id=0x693e, seq=22/5632, ttl=64 (request in 28) 90:e2:ba:3e:a6:e8 -> 90:e2:ba:82:2c:7d
 62 2018-02-13 20:50:57.323572    10.10.1.1 -> 10.10.2.1    ICMP Echo (ping) request  id=0x693e, seq=40/10240, ttl=63 90:e2:ba:82:2c:7d -> 90:e2:ba:3e:a6:e8
 63 2018-02-13 20:50:57.323574    10.10.2.1 -> 10.10.1.1    ICMP Echo (ping) reply    id=0x693e, seq=23/5888, ttl=64 (request in 30) 90:e2:ba:3e:a6:e8 -> 90:e2:ba:82:2c:7d
 64 2018-02-13 20:50:57.323578    10.10.1.1 -> 10.10.2.1    ICMP Echo (ping) request  id=0x693e, seq=41/10496, ttl=63 90:e2:ba:82:2c:7d -> 90:e2:ba:3e:a6:e8
 65 2018-02-13 20:50:57.323580    10.10.2.1 -> 10.10.1.1    ICMP Echo (ping) reply    id=0x693e, seq=24/6144, ttl=64 (request in 32) 90:e2:ba:3e:a6:e8 -> 90:e2:ba:82:2c:7d
 66 2018-02-13 20:50:57.323583    10.10.1.1 -> 10.10.2.1    ICMP Echo (ping) request  id=0x693e, seq=42/10752, ttl=63 90:e2:ba:82:2c:7d -> 90:e2:ba:3e:a6:e8
 67 2018-02-13 20:50:57.323585    10.10.2.1 -> 10.10.1.1    ICMP Echo (ping) reply    id=0x693e, seq=25/6400, ttl=64 (request in 34) 90:e2:ba:3e:a6:e8 -> 90:e2:ba:82:2c:7d
 68 2018-02-13 20:50:57.323589    10.10.1.1 -> 10.10.2.1    ICMP Echo (ping) request  id=0x693e, seq=43/11008, ttl=63 90:e2:ba:82:2c:7d -> 90:e2:ba:3e:a6:e8
 69 2018-02-13 20:50:57.323591    10.10.2.1 -> 10.10.1.1    ICMP Echo (ping) reply    id=0x693e, seq=26/6656, ttl=64 (request in 35) 90:e2:ba:3e:a6:e8 -> 90:e2:ba:82:2c:7d
 70 2018-02-13 20:50:57.323595    10.10.1.1 -> 10.10.2.1    ICMP Echo (ping) request  id=0x693e, seq=44/11264, ttl=63 90:e2:ba:82:2c:7d -> 90:e2:ba:3e:a6:e8
 71 2018-02-13 20:50:57.323596    10.10.2.1 -> 10.10.1.1    ICMP Echo (ping) reply    id=0x693e, seq=27/6912, ttl=64 (request in 37) 90:e2:ba:3e:a6:e8 -> 90:e2:ba:82:2c:7d
 72 2018-02-13 20:50:57.323600    10.10.1.1 -> 10.10.2.1    ICMP Echo (ping) request  id=0x693e, seq=45/11520, ttl=63 90:e2:ba:82:2c:7d -> 90:e2:ba:3e:a6:e8
 73 2018-02-13 20:50:57.323604    10.10.2.1 -> 10.10.1.1    ICMP Echo (ping) reply    id=0x693e, seq=28/7168, ttl=64 (request in 39) 90:e2:ba:3e:a6:e8 -> 90:e2:ba:82:2c:7d
 74 2018-02-13 20:50:57.323609    10.10.1.1 -> 10.10.2.1    ICMP Echo (ping) request  id=0x693e, seq=46/11776, ttl=63 90:e2:ba:82:2c:7d -> 90:e2:ba:3e:a6:e8
 75 2018-02-13 20:50:57.323610    10.10.2.1 -> 10.10.1.1    ICMP Echo (ping) reply    id=0x693e, seq=29/7424, ttl=64 (request in 41) 90:e2:ba:3e:a6:e8 -> 90:e2:ba:82:2c:7d
 76 2018-02-13 20:50:57.323614    10.10.1.1 -> 10.10.2.1    ICMP Echo (ping) request  id=0x693e, seq=47/12032, ttl=63 90:e2:ba:82:2c:7d -> 90:e2:ba:3e:a6:e8
 77 2018-02-13 20:50:57.323616    10.10.2.1 -> 10.10.1.1    ICMP Echo (ping) reply    id=0x693e, seq=30/7680, ttl=64 (request in 43) 90:e2:ba:3e:a6:e8 -> 90:e2:ba:82:2c:7d
 78 2018-02-13 20:50:57.323620    10.10.1.1 -> 10.10.2.1    ICMP Echo (ping) request  id=0x693e, seq=48/12288, ttl=63 90:e2:ba:82:2c:7d -> 90:e2:ba:3e:a6:e8
 79 2018-02-13 20:50:57.323622    10.10.2.1 -> 10.10.1.1    ICMP Echo (ping) reply    id=0x693e, seq=31/7936, ttl=64 (request in 45) 90:e2:ba:3e:a6:e8 -> 90:e2:ba:82:2c:7d
 80 2018-02-13 20:50:57.323625    10.10.1.1 -> 10.10.2.1    ICMP Echo (ping) request  id=0x693e, seq=49/12544, ttl=63 90:e2:ba:82:2c:7d -> 90:e2:ba:3e:a6:e8
 81 2018-02-13 20:50:57.323628    10.10.2.1 -> 10.10.1.1    ICMP Echo (ping) reply    id=0x693e, seq=32/8192, ttl=64 (request in 47) 90:e2:ba:3e:a6:e8 -> 90:e2:ba:82:2c:7d
 82 2018-02-13 20:50:57.323631    10.10.1.1 -> 10.10.2.1    ICMP Echo (ping) request  id=0x693e, seq=50/12800, ttl=63 90:e2:ba:82:2c:7d -> 90:e2:ba:3e:a6:e8
 83 2018-02-13 20:50:57.323634    10.10.2.1 -> 10.10.1.1    ICMP Echo (ping) reply    id=0x693e, seq=33/8448, ttl=64 (request in 49) 90:e2:ba:3e:a6:e8 -> 90:e2:ba:82:2c:7d
 84 2018-02-13 20:50:57.323636    10.10.1.1 -> 10.10.2.1    ICMP Echo (ping) request  id=0x693e, seq=51/13056, ttl=63 90:e2:ba:82:2c:7d -> 90:e2:ba:3e:a6:e8
 85 2018-02-13 20:50:57.323641    10.10.2.1 -> 10.10.1.1    ICMP Echo (ping) reply    id=0x693e, seq=34/8704, ttl=64 (request in 51) 90:e2:ba:3e:a6:e8 -> 90:e2:ba:82:2c:7d
 86 2018-02-13 20:50:57.323641    10.10.1.1 -> 10.10.2.1    ICMP Echo (ping) request  id=0x693e, seq=52/13312, ttl=63 90:e2:ba:82:2c:7d -> 90:e2:ba:3e:a6:e8
 87 2018-02-13 20:50:57.323647    10.10.2.1 -> 10.10.1.1    ICMP Echo (ping) reply    id=0x693e, seq=35/8960, ttl=64 (request in 52) 90:e2:ba:3e:a6:e8 -> 90:e2:ba:82:2c:7d
 88 2018-02-13 20:50:57.323648    10.10.1.1 -> 10.10.2.1    ICMP Echo (ping) request  id=0x693e, seq=53/13568, ttl=63 90:e2:ba:82:2c:7d -> 90:e2:ba:3e:a6:e8
 89 2018-02-13 20:50:57.323652    10.10.2.1 -> 10.10.1.1    ICMP Echo (ping) reply    id=0x693e, seq=36/9216, ttl=64 (request in 54) 90:e2:ba:3e:a6:e8 -> 90:e2:ba:82:2c:7d
 90 2018-02-13 20:50:57.323654    10.10.1.1 -> 10.10.2.1    ICMP Echo (ping) request  id=0x693e, seq=54/13824, ttl=63 90:e2:ba:82:2c:7d -> 90:e2:ba:3e:a6:e8
 91 2018-02-13 20:50:57.323658    10.10.2.1 -> 10.10.1.1    ICMP Echo (ping) reply    id=0x693e, seq=37/9472, ttl=64 (request in 56) 90:e2:ba:3e:a6:e8 -> 90:e2:ba:82:2c:7d
 92 2018-02-13 20:50:57.323660    10.10.1.1 -> 10.10.2.1    ICMP Echo (ping) request  id=0x693e, seq=55/14080, ttl=63 90:e2:ba:82:2c:7d -> 90:e2:ba:3e:a6:e8
 93 2018-02-13 20:50:57.323663    10.10.2.1 -> 10.10.1.1    ICMP Echo (ping) reply    id=0x693e, seq=38/9728, ttl=64 (request in 58) 90:e2:ba:3e:a6:e8 -> 90:e2:ba:82:2c:7d
 94 2018-02-13 20:50:57.323665    10.10.1.1 -> 10.10.2.1    ICMP Echo (ping) request  id=0x693e, seq=56/14336, ttl=63 90:e2:ba:82:2c:7d -> 90:e2:ba:3e:a6:e8
 95 2018-02-13 20:50:57.323669    10.10.2.1 -> 10.10.1.1    ICMP Echo (ping) reply    id=0x693e, seq=39/9984, ttl=64 (request in 60) 90:e2:ba:3e:a6:e8 -> 90:e2:ba:82:2c:7d
 96 2018-02-13 20:50:57.323671    10.10.1.1 -> 10.10.2.1    ICMP Echo (ping) request  id=0x693e, seq=57/14592, ttl=63 90:e2:ba:82:2c:7d -> 90:e2:ba:3e:a6:e8
 97 2018-02-13 20:50:57.323675    10.10.2.1 -> 10.10.1.1    ICMP Echo (ping) reply    id=0x693e, seq=40/10240, ttl=64 (request in 62) 90:e2:ba:3e:a6:e8 -> 90:e2:ba:82:2c:7d
 98 2018-02-13 20:50:57.323676    10.10.1.1 -> 10.10.2.1    ICMP Echo (ping) request  id=0x693e, seq=58/14848, ttl=63 90:e2:ba:82:2c:7d -> 90:e2:ba:3e:a6:e8
 99 2018-02-13 20:50:57.323681    10.10.2.1 -> 10.10.1.1    ICMP Echo (ping) reply    id=0x693e, seq=41/10496, ttl=64 (request in 64) 90:e2:ba:3e:a6:e8 -> 90:e2:ba:82:2c:7d
100 2018-02-13 20:50:57.323682    10.10.1.1 -> 10.10.2.1    ICMP Echo (ping) request  id=0x693e, seq=59/15104, ttl=63 90:e2:ba:82:2c:7d -> 90:e2:ba:3e:a6:e8
101 2018-02-13 20:50:57.323687    10.10.2.1 -> 10.10.1.1    ICMP Echo (ping) reply    id=0x693e, seq=42/10752, ttl=64 (request in 66) 90:e2:ba:3e:a6:e8 -> 90:e2:ba:82:2c:7d
102 2018-02-13 20:50:57.323688    10.10.1.1 -> 10.10.2.1    ICMP Echo (ping) request  id=0x693e, seq=60/15360, ttl=63 90:e2:ba:82:2c:7d -> 90:e2:ba:3e:a6:e8
103 2018-02-13 20:50:57.323693    10.10.2.1 -> 10.10.1.1    ICMP Echo (ping) reply    id=0x693e, seq=43/11008, ttl=64 (request in 68) 90:e2:ba:3e:a6:e8 -> 90:e2:ba:82:2c:7d
104 2018-02-13 20:50:57.323694    10.10.1.1 -> 10.10.2.1    ICMP Echo (ping) request  id=0x693e, seq=61/15616, ttl=63 90:e2:ba:82:2c:7d -> 90:e2:ba:3e:a6:e8
105 2018-02-13 20:50:57.323699    10.10.2.1 -> 10.10.1.1    ICMP Echo (ping) reply    id=0x693e, seq=44/11264, ttl=64 (request in 70) 90:e2:ba:3e:a6:e8 -> 90:e2:ba:82:2c:7d
106 2018-02-13 20:50:57.323700    10.10.1.1 -> 10.10.2.1    ICMP Echo (ping) request  id=0x693e, seq=62/15872, ttl=63 90:e2:ba:82:2c:7d -> 90:e2:ba:3e:a6:e8
107 2018-02-13 20:50:57.323705    10.10.2.1 -> 10.10.1.1    ICMP Echo (ping) reply    id=0x693e, seq=45/11520, ttl=64 (request in 72) 90:e2:ba:3e:a6:e8 -> 90:e2:ba:82:2c:7d
108 2018-02-13 20:50:57.323706    10.10.1.1 -> 10.10.2.1    ICMP Echo (ping) request  id=0x693e, seq=63/16128, ttl=63 90:e2:ba:82:2c:7d -> 90:e2:ba:3e:a6:e8
109 2018-02-13 20:50:57.323709    10.10.2.1 -> 10.10.1.1    ICMP Echo (ping) reply    id=0x693e, seq=46/11776, ttl=64 (request in 74) 90:e2:ba:3e:a6:e8 -> 90:e2:ba:82:2c:7d
110 2018-02-13 20:50:57.323711    10.10.1.1 -> 10.10.2.1    ICMP Echo (ping) request  id=0x693e, seq=64/16384, ttl=63 90:e2:ba:82:2c:7d -> 90:e2:ba:3e:a6:e8
111 2018-02-13 20:50:57.323713    10.10.2.1 -> 10.10.1.1    ICMP Echo (ping) reply    id=0x693e, seq=47/12032, ttl=64 (request in 76) 90:e2:ba:3e:a6:e8 -> 90:e2:ba:82:2c:7d
112 2018-02-13 20:50:57.323718    10.10.2.1 -> 10.10.1.1    ICMP Echo (ping) reply    id=0x693e, seq=48/12288, ttl=64 (request in 78) 90:e2:ba:3e:a6:e8 -> 90:e2:ba:82:2c:7d
113 2018-02-13 20:50:57.323720    10.10.2.1 -> 10.10.1.1    ICMP Echo (ping) reply    id=0x693e, seq=49/12544, ttl=64 (request in 80) 90:e2:ba:3e:a6:e8 -> 90:e2:ba:82:2c:7d
114 2018-02-13 20:50:57.323723    10.10.2.1 -> 10.10.1.1    ICMP Echo (ping) reply    id=0x693e, seq=50/12800, ttl=64 (request in 82) 90:e2:ba:3e:a6:e8 -> 90:e2:ba:82:2c:7d
115 2018-02-13 20:50:57.323726    10.10.2.1 -> 10.10.1.1    ICMP Echo (ping) reply    id=0x693e, seq=51/13056, ttl=64 (request in 84) 90:e2:ba:3e:a6:e8 -> 90:e2:ba:82:2c:7d
116 2018-02-13 20:50:57.323728    10.10.2.1 -> 10.10.1.1    ICMP Echo (ping) reply    id=0x693e, seq=52/13312, ttl=64 (request in 86) 90:e2:ba:3e:a6:e8 -> 90:e2:ba:82:2c:7d
117 2018-02-13 20:50:57.323730    10.10.2.1 -> 10.10.1.1    ICMP Echo (ping) reply    id=0x693e, seq=53/13568, ttl=64 (request in 88) 90:e2:ba:3e:a6:e8 -> 90:e2:ba:82:2c:7d
118 2018-02-13 20:50:57.323732    10.10.1.1 -> 10.10.2.1    ICMP Echo (ping) request  id=0x693e, seq=65/16640, ttl=63 90:e2:ba:82:2c:7d -> 90:e2:ba:3e:a6:e8
119 2018-02-13 20:50:57.323733    10.10.2.1 -> 10.10.1.1    ICMP Echo (ping) reply    id=0x693e, seq=54/13824, ttl=64 (request in 90) 90:e2:ba:3e:a6:e8 -> 90:e2:ba:82:2c:7d
120 2018-02-13 20:50:57.323738    10.10.2.1 -> 10.10.1.1    ICMP Echo (ping) reply    id=0x693e, seq=55/14080, ttl=64 (request in 92) 90:e2:ba:3e:a6:e8 -> 90:e2:ba:82:2c:7d
121 2018-02-13 20:50:57.323739    10.10.1.1 -> 10.10.2.1    ICMP Echo (ping) request  id=0x693e, seq=66/16896, ttl=63 90:e2:ba:82:2c:7d -> 90:e2:ba:3e:a6:e8
122 2018-02-13 20:50:57.323742    10.10.2.1 -> 10.10.1.1    ICMP Echo (ping) reply    id=0x693e, seq=56/14336, ttl=64 (request in 94) 90:e2:ba:3e:a6:e8 -> 90:e2:ba:82:2c:7d
123 2018-02-13 20:50:57.323745    10.10.1.1 -> 10.10.2.1    ICMP Echo (ping) request  id=0x693e, seq=67/17152, ttl=63 90:e2:ba:82:2c:7d -> 90:e2:ba:3e:a6:e8
124 2018-02-13 20:50:57.323746    10.10.2.1 -> 10.10.1.1    ICMP Echo (ping) reply    id=0x693e, seq=57/14592, ttl=64 (request in 96) 90:e2:ba:3e:a6:e8 -> 90:e2:ba:82:2c:7d
125 2018-02-13 20:50:57.323749    10.10.2.1 -> 10.10.1.1    ICMP Echo (ping) reply    id=0x693e, seq=58/14848, ttl=64 (request in 98) 90:e2:ba:3e:a6:e8 -> 90:e2:ba:82:2c:7d
126 2018-02-13 20:50:57.323750    10.10.1.1 -> 10.10.2.1    ICMP Echo (ping) request  id=0x693e, seq=68/17408, ttl=63 90:e2:ba:82:2c:7d -> 90:e2:ba:3e:a6:e8
127 2018-02-13 20:50:57.323752    10.10.2.1 -> 10.10.1.1    ICMP Echo (ping) reply    id=0x693e, seq=59/15104, ttl=64 (request in 100) 90:e2:ba:3e:a6:e8 -> 90:e2:ba:82:2c:7d
128 2018-02-13 20:50:57.323755    10.10.1.1 -> 10.10.2.1    ICMP Echo (ping) request  id=0x693e, seq=69/17664, ttl=63 90:e2:ba:82:2c:7d -> 90:e2:ba:3e:a6:e8
129 2018-02-13 20:50:57.323755    10.10.2.1 -> 10.10.1.1    ICMP Echo (ping) reply    id=0x693e, seq=60/15360, ttl=64 (request in 102) 90:e2:ba:3e:a6:e8 -> 90:e2:ba:82:2c:7d
130 2018-02-13 20:50:57.323760    10.10.2.1 -> 10.10.1.1    ICMP Echo (ping) reply    id=0x693e, seq=61/15616, ttl=64 (request in 104) 90:e2:ba:3e:a6:e8 -> 90:e2:ba:82:2c:7d
131 2018-02-13 20:50:57.323760    10.10.1.1 -> 10.10.2.1    ICMP Echo (ping) request  id=0x693e, seq=70/17920, ttl=63 90:e2:ba:82:2c:7d -> 90:e2:ba:3e:a6:e8
132 2018-02-13 20:50:57.323764    10.10.2.1 -> 10.10.1.1    ICMP Echo (ping) reply    id=0x693e, seq=62/15872, ttl=64 (request in 106) 90:e2:ba:3e:a6:e8 -> 90:e2:ba:82:2c:7d
133 2018-02-13 20:50:57.323765    10.10.1.1 -> 10.10.2.1    ICMP Echo (ping) request  id=0x693e, seq=71/18176, ttl=63 90:e2:ba:82:2c:7d -> 90:e2:ba:3e:a6:e8
134 2018-02-13 20:50:57.323768    10.10.2.1 -> 10.10.1.1    ICMP Echo (ping) reply    id=0x693e, seq=63/16128, ttl=64 (request in 108) 90:e2:ba:3e:a6:e8 -> 90:e2:ba:82:2c:7d
135 2018-02-13 20:50:57.323770    10.10.1.1 -> 10.10.2.1    ICMP Echo (ping) request  id=0x693e, seq=72/18432, ttl=63 90:e2:ba:82:2c:7d -> 90:e2:ba:3e:a6:e8
136 2018-02-13 20:50:57.323773    10.10.2.1 -> 10.10.1.1    ICMP Echo (ping) reply    id=0x693e, seq=64/16384, ttl=64 (request in 110) 90:e2:ba:3e:a6:e8 -> 90:e2:ba:82:2c:7d
137 2018-02-13 20:50:57.323775    10.10.1.1 -> 10.10.2.1    ICMP Echo (ping) request  id=0x693e, seq=73/18688, ttl=63 90:e2:ba:82:2c:7d -> 90:e2:ba:3e:a6:e8
138 2018-02-13 20:50:57.323779    10.10.1.1 -> 10.10.2.1    ICMP Echo (ping) request  id=0x693e, seq=74/18944, ttl=63 90:e2:ba:82:2c:7d -> 90:e2:ba:3e:a6:e8
139 2018-02-13 20:50:57.323783    10.10.1.1 -> 10.10.2.1    ICMP Echo (ping) request  id=0x693e, seq=75/19200, ttl=63 90:e2:ba:82:2c:7d -> 90:e2:ba:3e:a6:e8
140 2018-02-13 20:50:57.323787    10.10.1.1 -> 10.10.2.1    ICMP Echo (ping) request  id=0x693e, seq=76/19456, ttl=63 90:e2:ba:82:2c:7d -> 90:e2:ba:3e:a6:e8
141 2018-02-13 20:50:57.323790    10.10.2.1 -> 10.10.1.1    ICMP Echo (ping) reply    id=0x693e, seq=65/16640, ttl=64 (request in 118) 90:e2:ba:3e:a6:e8 -> 90:e2:ba:82:2c:7d
142 2018-02-13 20:50:57.323790    10.10.1.1 -> 10.10.2.1    ICMP Echo (ping) request  id=0x693e, seq=77/19712, ttl=63 90:e2:ba:82:2c:7d -> 90:e2:ba:3e:a6:e8
143 2018-02-13 20:50:57.323796    10.10.1.1 -> 10.10.2.1    ICMP Echo (ping) request  id=0x693e, seq=78/19968, ttl=63 90:e2:ba:82:2c:7d -> 90:e2:ba:3e:a6:e8
144 2018-02-13 20:50:57.323799    10.10.2.1 -> 10.10.1.1    ICMP Echo (ping) reply    id=0x693e, seq=66/16896, ttl=64 (request in 121) 90:e2:ba:3e:a6:e8 -> 90:e2:ba:82:2c:7d
145 2018-02-13 20:50:57.323801    10.10.1.1 -> 10.10.2.1    ICMP Echo (ping) request  id=0x693e, seq=79/20224, ttl=63 90:e2:ba:82:2c:7d -> 90:e2:ba:3e:a6:e8
146 2018-02-13 20:50:57.323806    10.10.2.1 -> 10.10.1.1    ICMP Echo (ping) reply    id=0x693e, seq=67/17152, ttl=64 (request in 123) 90:e2:ba:3e:a6:e8 -> 90:e2:ba:82:2c:7d
147 2018-02-13 20:50:57.323807    10.10.1.1 -> 10.10.2.1    ICMP Echo (ping) request  id=0x693e, seq=80/20480, ttl=63 90:e2:ba:82:2c:7d -> 90:e2:ba:3e:a6:e8
148 2018-02-13 20:50:57.323813    10.10.1.1 -> 10.10.2.1    ICMP Echo (ping) request  id=0x693e, seq=81/20736, ttl=63 90:e2:ba:82:2c:7d -> 90:e2:ba:3e:a6:e8
149 2018-02-13 20:50:57.323814    10.10.2.1 -> 10.10.1.1    ICMP Echo (ping) reply    id=0x693e, seq=68/17408, ttl=64 (request in 126) 90:e2:ba:3e:a6:e8 -> 90:e2:ba:82:2c:7d
150 2018-02-13 20:50:57.323818    10.10.1.1 -> 10.10.2.1    ICMP Echo (ping) request  id=0x693e, seq=82/20992, ttl=63 90:e2:ba:82:2c:7d -> 90:e2:ba:3e:a6:e8
151 2018-02-13 20:50:57.323820    10.10.2.1 -> 10.10.1.1    ICMP Echo (ping) reply    id=0x693e, seq=69/17664, ttl=64 (request in 128) 90:e2:ba:3e:a6:e8 -> 90:e2:ba:82:2c:7d
152 2018-02-13 20:50:57.323824    10.10.1.1 -> 10.10.2.1    ICMP Echo (ping) request  id=0x693e, seq=83/21248, ttl=63 90:e2:ba:82:2c:7d -> 90:e2:ba:3e:a6:e8
153 2018-02-13 20:50:57.323827    10.10.2.1 -> 10.10.1.1    ICMP Echo (ping) reply    id=0x693e, seq=70/17920, ttl=64 (request in 131) 90:e2:ba:3e:a6:e8 -> 90:e2:ba:82:2c:7d
154 2018-02-13 20:50:57.323829    10.10.1.1 -> 10.10.2.1    ICMP Echo (ping) request  id=0x693e, seq=84/21504, ttl=63 90:e2:ba:82:2c:7d -> 90:e2:ba:3e:a6:e8
155 2018-02-13 20:50:57.323833    10.10.2.1 -> 10.10.1.1    ICMP Echo (ping) reply    id=0x693e, seq=71/18176, ttl=64 (request in 133) 90:e2:ba:3e:a6:e8 -> 90:e2:ba:82:2c:7d
156 2018-02-13 20:50:57.323835    10.10.1.1 -> 10.10.2.1    ICMP Echo (ping) request  id=0x693e, seq=85/21760, ttl=63 90:e2:ba:82:2c:7d -> 90:e2:ba:3e:a6:e8
157 2018-02-13 20:50:57.323840    10.10.2.1 -> 10.10.1.1    ICMP Echo (ping) reply    id=0x693e, seq=72/18432, ttl=64 (request in 135) 90:e2:ba:3e:a6:e8 -> 90:e2:ba:82:2c:7d
158 2018-02-13 20:50:57.323841    10.10.1.1 -> 10.10.2.1    ICMP Echo (ping) request  id=0x693e, seq=86/22016, ttl=63 90:e2:ba:82:2c:7d -> 90:e2:ba:3e:a6:e8
159 2018-02-13 20:50:57.323847    10.10.1.1 -> 10.10.2.1    ICMP Echo (ping) request  id=0x693e, seq=87/22272, ttl=63 90:e2:ba:82:2c:7d -> 90:e2:ba:3e:a6:e8
160 2018-02-13 20:50:57.323847    10.10.2.1 -> 10.10.1.1    ICMP Echo (ping) reply    id=0x693e, seq=73/18688, ttl=64 (request in 137) 90:e2:ba:3e:a6:e8 -> 90:e2:ba:82:2c:7d
161 2018-02-13 20:50:57.323852    10.10.1.1 -> 10.10.2.1    ICMP Echo (ping) request  id=0x693e, seq=88/22528, ttl=63 90:e2:ba:82:2c:7d -> 90:e2:ba:3e:a6:e8
162 2018-02-13 20:50:57.323853    10.10.2.1 -> 10.10.1.1    ICMP Echo (ping) reply    id=0x693e, seq=74/18944, ttl=64 (request in 138) 90:e2:ba:3e:a6:e8 -> 90:e2:ba:82:2c:7d
163 2018-02-13 20:50:57.323857    10.10.1.1 -> 10.10.2.1    ICMP Echo (ping) request  id=0x693e, seq=89/22784, ttl=63 90:e2:ba:82:2c:7d -> 90:e2:ba:3e:a6:e8
164 2018-02-13 20:50:57.323859    10.10.2.1 -> 10.10.1.1    ICMP Echo (ping) reply    id=0x693e, seq=75/19200, ttl=64 (request in 139) 90:e2:ba:3e:a6:e8 -> 90:e2:ba:82:2c:7d
165 2018-02-13 20:50:57.323862    10.10.1.1 -> 10.10.2.1    ICMP Echo (ping) request  id=0x693e, seq=90/23040, ttl=63 90:e2:ba:82:2c:7d -> 90:e2:ba:3e:a6:e8
166 2018-02-13 20:50:57.323864    10.10.2.1 -> 10.10.1.1    ICMP Echo (ping) reply    id=0x693e, seq=76/19456, ttl=64 (request in 140) 90:e2:ba:3e:a6:e8 -> 90:e2:ba:82:2c:7d
167 2018-02-13 20:50:57.323868    10.10.1.1 -> 10.10.2.1    ICMP Echo (ping) request  id=0x693e, seq=91/23296, ttl=63 90:e2:ba:82:2c:7d -> 90:e2:ba:3e:a6:e8
168 2018-02-13 20:50:57.323870    10.10.2.1 -> 10.10.1.1    ICMP Echo (ping) reply    id=0x693e, seq=77/19712, ttl=64 (request in 142) 90:e2:ba:3e:a6:e8 -> 90:e2:ba:82:2c:7d
169 2018-02-13 20:50:57.323875    10.10.1.1 -> 10.10.2.1    ICMP Echo (ping) request  id=0x693e, seq=92/23552, ttl=63 90:e2:ba:82:2c:7d -> 90:e2:ba:3e:a6:e8
170 2018-02-13 20:50:57.323876    10.10.2.1 -> 10.10.1.1    ICMP Echo (ping) reply    id=0x693e, seq=78/19968, ttl=64 (request in 143) 90:e2:ba:3e:a6:e8 -> 90:e2:ba:82:2c:7d
171 2018-02-13 20:50:57.323881    10.10.1.1 -> 10.10.2.1    ICMP Echo (ping) request  id=0x693e, seq=93/23808, ttl=63 90:e2:ba:82:2c:7d -> 90:e2:ba:3e:a6:e8
172 2018-02-13 20:50:57.323882    10.10.2.1 -> 10.10.1.1    ICMP Echo (ping) reply    id=0x693e, seq=79/20224, ttl=64 (request in 145) 90:e2:ba:3e:a6:e8 -> 90:e2:ba:82:2c:7d
173 2018-02-13 20:50:57.323886    10.10.1.1 -> 10.10.2.1    ICMP Echo (ping) request  id=0x693e, seq=94/24064, ttl=63 90:e2:ba:82:2c:7d -> 90:e2:ba:3e:a6:e8
174 2018-02-13 20:50:57.323888    10.10.2.1 -> 10.10.1.1    ICMP Echo (ping) reply    id=0x693e, seq=80/20480, ttl=64 (request in 147) 90:e2:ba:3e:a6:e8 -> 90:e2:ba:82:2c:7d
175 2018-02-13 20:50:57.323892    10.10.1.1 -> 10.10.2.1    ICMP Echo (ping) request  id=0x693e, seq=95/24320, ttl=63 90:e2:ba:82:2c:7d -> 90:e2:ba:3e:a6:e8
176 2018-02-13 20:50:57.323894    10.10.2.1 -> 10.10.1.1    ICMP Echo (ping) reply    id=0x693e, seq=81/20736, ttl=64 (request in 148) 90:e2:ba:3e:a6:e8 -> 90:e2:ba:82:2c:7d
177 2018-02-13 20:50:57.323897    10.10.1.1 -> 10.10.2.1    ICMP Echo (ping) request  id=0x693e, seq=96/24576, ttl=63 90:e2:ba:82:2c:7d -> 90:e2:ba:3e:a6:e8
178 2018-02-13 20:50:57.323900    10.10.2.1 -> 10.10.1.1    ICMP Echo (ping) reply    id=0x693e, seq=82/20992, ttl=64 (request in 150) 90:e2:ba:3e:a6:e8 -> 90:e2:ba:82:2c:7d
179 2018-02-13 20:50:57.323903    10.10.1.1 -> 10.10.2.1    ICMP Echo (ping) request  id=0x693e, seq=97/24832, ttl=63 90:e2:ba:82:2c:7d -> 90:e2:ba:3e:a6:e8
180 2018-02-13 20:50:57.323906    10.10.2.1 -> 10.10.1.1    ICMP Echo (ping) reply    id=0x693e, seq=83/21248, ttl=64 (request in 152) 90:e2:ba:3e:a6:e8 -> 90:e2:ba:82:2c:7d
181 2018-02-13 20:50:57.323909    10.10.1.1 -> 10.10.2.1    ICMP Echo (ping) request  id=0x693e, seq=98/25088, ttl=63 90:e2:ba:82:2c:7d -> 90:e2:ba:3e:a6:e8
182 2018-02-13 20:50:57.323913    10.10.2.1 -> 10.10.1.1    ICMP Echo (ping) reply    id=0x693e, seq=84/21504, ttl=64 (request in 154) 90:e2:ba:3e:a6:e8 -> 90:e2:ba:82:2c:7d
183 2018-02-13 20:50:57.323914    10.10.1.1 -> 10.10.2.1    ICMP Echo (ping) request  id=0x693e, seq=99/25344, ttl=63 90:e2:ba:82:2c:7d -> 90:e2:ba:3e:a6:e8
184 2018-02-13 20:50:57.323919    10.10.2.1 -> 10.10.1.1    ICMP Echo (ping) reply    id=0x693e, seq=85/21760, ttl=64 (request in 156) 90:e2:ba:3e:a6:e8 -> 90:e2:ba:82:2c:7d
185 2018-02-13 20:50:57.323920    10.10.1.1 -> 10.10.2.1    ICMP Echo (ping) request  id=0x693e, seq=100/25600, ttl=63 90:e2:ba:82:2c:7d -> 90:e2:ba:3e:a6:e8
186 2018-02-13 20:50:57.323926    10.10.2.1 -> 10.10.1.1    ICMP Echo (ping) reply    id=0x693e, seq=86/22016, ttl=64 (request in 158) 90:e2:ba:3e:a6:e8 -> 90:e2:ba:82:2c:7d
187 2018-02-13 20:50:57.323931    10.10.2.1 -> 10.10.1.1    ICMP Echo (ping) reply    id=0x693e, seq=87/22272, ttl=64 (request in 159) 90:e2:ba:3e:a6:e8 -> 90:e2:ba:82:2c:7d
188 2018-02-13 20:50:57.323937    10.10.2.1 -> 10.10.1.1    ICMP Echo (ping) reply    id=0x693e, seq=88/22528, ttl=64 (request in 161) 90:e2:ba:3e:a6:e8 -> 90:e2:ba:82:2c:7d
189 2018-02-13 20:50:57.323941    10.10.2.1 -> 10.10.1.1    ICMP Echo (ping) reply    id=0x693e, seq=89/22784, ttl=64 (request in 163) 90:e2:ba:3e:a6:e8 -> 90:e2:ba:82:2c:7d
190 2018-02-13 20:50:57.323945    10.10.2.1 -> 10.10.1.1    ICMP Echo (ping) reply    id=0x693e, seq=90/23040, ttl=64 (request in 165) 90:e2:ba:3e:a6:e8 -> 90:e2:ba:82:2c:7d
191 2018-02-13 20:50:57.323949    10.10.2.1 -> 10.10.1.1    ICMP Echo (ping) reply    id=0x693e, seq=91/23296, ttl=64 (request in 167) 90:e2:ba:3e:a6:e8 -> 90:e2:ba:82:2c:7d
192 2018-02-13 20:50:57.323954    10.10.2.1 -> 10.10.1.1    ICMP Echo (ping) reply    id=0x693e, seq=92/23552, ttl=64 (request in 169) 90:e2:ba:3e:a6:e8 -> 90:e2:ba:82:2c:7d
193 2018-02-13 20:50:57.323958    10.10.2.1 -> 10.10.1.1    ICMP Echo (ping) reply    id=0x693e, seq=93/23808, ttl=64 (request in 171) 90:e2:ba:3e:a6:e8 -> 90:e2:ba:82:2c:7d
194 2018-02-13 20:50:57.323977    10.10.2.1 -> 10.10.1.1    ICMP Echo (ping) reply    id=0x693e, seq=94/24064, ttl=64 (request in 173) 90:e2:ba:3e:a6:e8 -> 90:e2:ba:82:2c:7d
195 2018-02-13 20:50:57.323982    10.10.2.1 -> 10.10.1.1    ICMP Echo (ping) reply    id=0x693e, seq=95/24320, ttl=64 (request in 175) 90:e2:ba:3e:a6:e8 -> 90:e2:ba:82:2c:7d
196 2018-02-13 20:50:57.323995    10.10.2.1 -> 10.10.1.1    ICMP Echo (ping) reply    id=0x693e, seq=96/24576, ttl=64 (request in 177) 90:e2:ba:3e:a6:e8 -> 90:e2:ba:82:2c:7d
197 2018-02-13 20:50:57.324008    10.10.2.1 -> 10.10.1.1    ICMP Echo (ping) reply    id=0x693e, seq=97/24832, ttl=64 (request in 179) 90:e2:ba:3e:a6:e8 -> 90:e2:ba:82:2c:7d
198 2018-02-13 20:50:57.324020    10.10.2.1 -> 10.10.1.1    ICMP Echo (ping) reply    id=0x693e, seq=98/25088, ttl=64 (request in 181) 90:e2:ba:3e:a6:e8 -> 90:e2:ba:82:2c:7d
199 2018-02-13 20:50:57.324034    10.10.2.1 -> 10.10.1.1    ICMP Echo (ping) reply    id=0x693e, seq=99/25344, ttl=64 (request in 183) 90:e2:ba:3e:a6:e8 -> 90:e2:ba:82:2c:7d
200 2018-02-13 20:50:57.324048    10.10.2.1 -> 10.10.1.1    ICMP Echo (ping) reply    id=0x693e, seq=100/25600, ttl=64 (request in 185) 90:e2:ba:3e:a6:e8 -> 90:e2:ba:82:2c:7d
201 2018-02-13 20:51:02.326048 IntelCor_82:2c:7d -> IntelCor_3e:a6:e8 ARP Who has 10.10.2.1?  Tell 10.10.2.2 90:e2:ba:82:2c:7d -> 90:e2:ba:3e:a6:e8
202 2018-02-13 20:51:02.326160 IntelCor_3e:a6:e8 -> IntelCor_82:2c:7d ARP 10.10.2.1 is at 90:e2:ba:3e:a6:e8 90:e2:ba:3e:a6:e8 -> 90:e2:ba:82:2c:7d
