  1 2018-02-14 01:04:22.073446    10.10.1.1 -> 10.10.2.1    ICMP Echo (ping) request  id=0x693e, seq=1/256, ttl=64 90:e2:ba:81:49:14 -> 90:e2:ba:82:2c:7c
  2 2018-02-14 01:04:22.073475    10.10.1.1 -> 10.10.2.1    ICMP Echo (ping) request  id=0x693e, seq=2/512, ttl=64 90:e2:ba:81:49:14 -> 90:e2:ba:82:2c:7c
  3 2018-02-14 01:04:22.073480    10.10.1.1 -> 10.10.2.1    ICMP Echo (ping) request  id=0x693e, seq=3/768, ttl=64 90:e2:ba:81:49:14 -> 90:e2:ba:82:2c:7c
  4 2018-02-14 01:04:22.073483    10.10.1.1 -> 10.10.2.1    ICMP Echo (ping) request  id=0x693e, seq=4/1024, ttl=64 90:e2:ba:81:49:14 -> 90:e2:ba:82:2c:7c
  5 2018-02-14 01:04:22.073487    10.10.1.1 -> 10.10.2.1    ICMP Echo (ping) request  id=0x693e, seq=5/1280, ttl=64 90:e2:ba:81:49:14 -> 90:e2:ba:82:2c:7c
  6 2018-02-14 01:04:22.073490    10.10.1.1 -> 10.10.2.1    ICMP Echo (ping) request  id=0x693e, seq=6/1536, ttl=64 90:e2:ba:81:49:14 -> 90:e2:ba:82:2c:7c
  7 2018-02-14 01:04:22.073494    10.10.1.1 -> 10.10.2.1    ICMP Echo (ping) request  id=0x693e, seq=7/1792, ttl=64 90:e2:ba:81:49:14 -> 90:e2:ba:82:2c:7c
  8 2018-02-14 01:04:22.073497    10.10.1.1 -> 10.10.2.1    ICMP Echo (ping) request  id=0x693e, seq=8/2048, ttl=64 90:e2:ba:81:49:14 -> 90:e2:ba:82:2c:7c
  9 2018-02-14 01:04:22.073500    10.10.1.1 -> 10.10.2.1    ICMP Echo (ping) request  id=0x693e, seq=9/2304, ttl=64 90:e2:ba:81:49:14 -> 90:e2:ba:82:2c:7c
 10 2018-02-14 01:04:22.073504    10.10.1.1 -> 10.10.2.1    ICMP Echo (ping) request  id=0x693e, seq=10/2560, ttl=64 90:e2:ba:81:49:14 -> 90:e2:ba:82:2c:7c
 11 2018-02-14 01:04:22.073507    10.10.1.1 -> 10.10.2.1    ICMP Echo (ping) request  id=0x693e, seq=11/2816, ttl=64 90:e2:ba:81:49:14 -> 90:e2:ba:82:2c:7c
 12 2018-02-14 01:04:22.073510    10.10.1.1 -> 10.10.2.1    ICMP Echo (ping) request  id=0x693e, seq=12/3072, ttl=64 90:e2:ba:81:49:14 -> 90:e2:ba:82:2c:7c
 13 2018-02-14 01:04:22.073513    10.10.1.1 -> 10.10.2.1    ICMP Echo (ping) request  id=0x693e, seq=13/3328, ttl=64 90:e2:ba:81:49:14 -> 90:e2:ba:82:2c:7c
 14 2018-02-14 01:04:22.073515    10.10.1.1 -> 10.10.2.1    ICMP Echo (ping) request  id=0x693e, seq=14/3584, ttl=64 90:e2:ba:81:49:14 -> 90:e2:ba:82:2c:7c
 15 2018-02-14 01:04:22.073517    10.10.1.1 -> 10.10.2.1    ICMP Echo (ping) request  id=0x693e, seq=15/3840, ttl=64 90:e2:ba:81:49:14 -> 90:e2:ba:82:2c:7c
 16 2018-02-14 01:04:22.073520    10.10.1.1 -> 10.10.2.1    ICMP Echo (ping) request  id=0x693e, seq=16/4096, ttl=64 90:e2:ba:81:49:14 -> 90:e2:ba:82:2c:7c
 17 2018-02-14 01:04:22.073522    10.10.1.1 -> 10.10.2.1    ICMP Echo (ping) request  id=0x693e, seq=17/4352, ttl=64 90:e2:ba:81:49:14 -> 90:e2:ba:82:2c:7c
 18 2018-02-14 01:04:22.073525    10.10.1.1 -> 10.10.2.1    ICMP Echo (ping) request  id=0x693e, seq=18/4608, ttl=64 90:e2:ba:81:49:14 -> 90:e2:ba:82:2c:7c
 19 2018-02-14 01:04:22.073527    10.10.1.1 -> 10.10.2.1    ICMP Echo (ping) request  id=0x693e, seq=19/4864, ttl=64 90:e2:ba:81:49:14 -> 90:e2:ba:82:2c:7c
 20 2018-02-14 01:04:22.073530    10.10.1.1 -> 10.10.2.1    ICMP Echo (ping) request  id=0x693e, seq=20/5120, ttl=64 90:e2:ba:81:49:14 -> 90:e2:ba:82:2c:7c
 21 2018-02-14 01:04:22.073533    10.10.1.1 -> 10.10.2.1    ICMP Echo (ping) request  id=0x693e, seq=21/5376, ttl=64 90:e2:ba:81:49:14 -> 90:e2:ba:82:2c:7c
 22 2018-02-14 01:04:22.073535    10.10.1.1 -> 10.10.2.1    ICMP Echo (ping) request  id=0x693e, seq=22/5632, ttl=64 90:e2:ba:81:49:14 -> 90:e2:ba:82:2c:7c
 23 2018-02-14 01:04:22.073538    10.10.1.1 -> 10.10.2.1    ICMP Echo (ping) request  id=0x693e, seq=23/5888, ttl=64 90:e2:ba:81:49:14 -> 90:e2:ba:82:2c:7c
 24 2018-02-14 01:04:22.073541    10.10.1.1 -> 10.10.2.1    ICMP Echo (ping) request  id=0x693e, seq=24/6144, ttl=64 90:e2:ba:81:49:14 -> 90:e2:ba:82:2c:7c
 25 2018-02-14 01:04:22.073544    10.10.1.1 -> 10.10.2.1    ICMP Echo (ping) request  id=0x693e, seq=25/6400, ttl=64 90:e2:ba:81:49:14 -> 90:e2:ba:82:2c:7c
 26 2018-02-14 01:04:22.073546    10.10.1.1 -> 10.10.2.1    ICMP Echo (ping) request  id=0x693e, seq=26/6656, ttl=64 90:e2:ba:81:49:14 -> 90:e2:ba:82:2c:7c
 27 2018-02-14 01:04:22.073548    10.10.1.1 -> 10.10.2.1    ICMP Echo (ping) request  id=0x693e, seq=27/6912, ttl=64 90:e2:ba:81:49:14 -> 90:e2:ba:82:2c:7c
 28 2018-02-14 01:04:22.073550    10.10.1.1 -> 10.10.2.1    ICMP Echo (ping) request  id=0x693e, seq=28/7168, ttl=64 90:e2:ba:81:49:14 -> 90:e2:ba:82:2c:7c
 29 2018-02-14 01:04:22.073553    10.10.1.1 -> 10.10.2.1    ICMP Echo (ping) request  id=0x693e, seq=29/7424, ttl=64 90:e2:ba:81:49:14 -> 90:e2:ba:82:2c:7c
 30 2018-02-14 01:04:22.073555    10.10.1.1 -> 10.10.2.1    ICMP Echo (ping) request  id=0x693e, seq=30/7680, ttl=64 90:e2:ba:81:49:14 -> 90:e2:ba:82:2c:7c
 31 2018-02-14 01:04:22.073557    10.10.1.1 -> 10.10.2.1    ICMP Echo (ping) request  id=0x693e, seq=31/7936, ttl=64 90:e2:ba:81:49:14 -> 90:e2:ba:82:2c:7c
 32 2018-02-14 01:04:22.073559    10.10.1.1 -> 10.10.2.1    ICMP Echo (ping) request  id=0x693e, seq=32/8192, ttl=64 90:e2:ba:81:49:14 -> 90:e2:ba:82:2c:7c
 33 2018-02-14 01:04:22.073562    10.10.1.1 -> 10.10.2.1    ICMP Echo (ping) request  id=0x693e, seq=33/8448, ttl=64 90:e2:ba:81:49:14 -> 90:e2:ba:82:2c:7c
 34 2018-02-14 01:04:22.073563    10.10.1.1 -> 10.10.2.1    ICMP Echo (ping) request  id=0x693e, seq=34/8704, ttl=64 90:e2:ba:81:49:14 -> 90:e2:ba:82:2c:7c
 35 2018-02-14 01:04:22.073566    10.10.1.1 -> 10.10.2.1    ICMP Echo (ping) request  id=0x693e, seq=35/8960, ttl=64 90:e2:ba:81:49:14 -> 90:e2:ba:82:2c:7c
 36 2018-02-14 01:04:22.073568    10.10.1.1 -> 10.10.2.1    ICMP Echo (ping) request  id=0x693e, seq=36/9216, ttl=64 90:e2:ba:81:49:14 -> 90:e2:ba:82:2c:7c
 37 2018-02-14 01:04:22.073571    10.10.1.1 -> 10.10.2.1    ICMP Echo (ping) request  id=0x693e, seq=37/9472, ttl=64 90:e2:ba:81:49:14 -> 90:e2:ba:82:2c:7c
 38 2018-02-14 01:04:22.073574    10.10.1.1 -> 10.10.2.1    ICMP Echo (ping) request  id=0x693e, seq=38/9728, ttl=64 90:e2:ba:81:49:14 -> 90:e2:ba:82:2c:7c
 39 2018-02-14 01:04:22.073577    10.10.1.1 -> 10.10.2.1    ICMP Echo (ping) request  id=0x693e, seq=39/9984, ttl=64 90:e2:ba:81:49:14 -> 90:e2:ba:82:2c:7c
 40 2018-02-14 01:04:22.073579    10.10.1.1 -> 10.10.2.1    ICMP Echo (ping) request  id=0x693e, seq=40/10240, ttl=64 90:e2:ba:81:49:14 -> 90:e2:ba:82:2c:7c
 41 2018-02-14 01:04:22.073581    10.10.1.1 -> 10.10.2.1    ICMP Echo (ping) request  id=0x693e, seq=41/10496, ttl=64 90:e2:ba:81:49:14 -> 90:e2:ba:82:2c:7c
 42 2018-02-14 01:04:22.073584    10.10.1.1 -> 10.10.2.1    ICMP Echo (ping) request  id=0x693e, seq=42/10752, ttl=64 90:e2:ba:81:49:14 -> 90:e2:ba:82:2c:7c
 43 2018-02-14 01:04:22.073587    10.10.1.1 -> 10.10.2.1    ICMP Echo (ping) request  id=0x693e, seq=43/11008, ttl=64 90:e2:ba:81:49:14 -> 90:e2:ba:82:2c:7c
 44 2018-02-14 01:04:22.073589    10.10.1.1 -> 10.10.2.1    ICMP Echo (ping) request  id=0x693e, seq=44/11264, ttl=64 90:e2:ba:81:49:14 -> 90:e2:ba:82:2c:7c
 45 2018-02-14 01:04:22.073591    10.10.1.1 -> 10.10.2.1    ICMP Echo (ping) request  id=0x693e, seq=45/11520, ttl=64 90:e2:ba:81:49:14 -> 90:e2:ba:82:2c:7c
 46 2018-02-14 01:04:22.073593    10.10.1.1 -> 10.10.2.1    ICMP Echo (ping) request  id=0x693e, seq=46/11776, ttl=64 90:e2:ba:81:49:14 -> 90:e2:ba:82:2c:7c
 47 2018-02-14 01:04:22.073595    10.10.1.1 -> 10.10.2.1    ICMP Echo (ping) request  id=0x693e, seq=47/12032, ttl=64 90:e2:ba:81:49:14 -> 90:e2:ba:82:2c:7c
 48 2018-02-14 01:04:22.073597    10.10.1.1 -> 10.10.2.1    ICMP Echo (ping) request  id=0x693e, seq=48/12288, ttl=64 90:e2:ba:81:49:14 -> 90:e2:ba:82:2c:7c
 49 2018-02-14 01:04:22.073600    10.10.1.1 -> 10.10.2.1    ICMP Echo (ping) request  id=0x693e, seq=49/12544, ttl=64 90:e2:ba:81:49:14 -> 90:e2:ba:82:2c:7c
 50 2018-02-14 01:04:22.073603    10.10.1.1 -> 10.10.2.1    ICMP Echo (ping) request  id=0x693e, seq=50/12800, ttl=64 90:e2:ba:81:49:14 -> 90:e2:ba:82:2c:7c
 51 2018-02-14 01:04:22.073605    10.10.1.1 -> 10.10.2.1    ICMP Echo (ping) request  id=0x693e, seq=51/13056, ttl=64 90:e2:ba:81:49:14 -> 90:e2:ba:82:2c:7c
 52 2018-02-14 01:04:22.073607    10.10.1.1 -> 10.10.2.1    ICMP Echo (ping) request  id=0x693e, seq=52/13312, ttl=64 90:e2:ba:81:49:14 -> 90:e2:ba:82:2c:7c
 53 2018-02-14 01:04:22.073609    10.10.1.1 -> 10.10.2.1    ICMP Echo (ping) request  id=0x693e, seq=53/13568, ttl=64 90:e2:ba:81:49:14 -> 90:e2:ba:82:2c:7c
 54 2018-02-14 01:04:22.073611    10.10.1.1 -> 10.10.2.1    ICMP Echo (ping) request  id=0x693e, seq=54/13824, ttl=64 90:e2:ba:81:49:14 -> 90:e2:ba:82:2c:7c
 55 2018-02-14 01:04:22.073613    10.10.1.1 -> 10.10.2.1    ICMP Echo (ping) request  id=0x693e, seq=55/14080, ttl=64 90:e2:ba:81:49:14 -> 90:e2:ba:82:2c:7c
 56 2018-02-14 01:04:22.073615    10.10.1.1 -> 10.10.2.1    ICMP Echo (ping) request  id=0x693e, seq=56/14336, ttl=64 90:e2:ba:81:49:14 -> 90:e2:ba:82:2c:7c
 57 2018-02-14 01:04:22.073618    10.10.1.1 -> 10.10.2.1    ICMP Echo (ping) request  id=0x693e, seq=57/14592, ttl=64 90:e2:ba:81:49:14 -> 90:e2:ba:82:2c:7c
 58 2018-02-14 01:04:22.073619    10.10.1.1 -> 10.10.2.1    ICMP Echo (ping) request  id=0x693e, seq=58/14848, ttl=64 90:e2:ba:81:49:14 -> 90:e2:ba:82:2c:7c
 59 2018-02-14 01:04:22.073621    10.10.1.1 -> 10.10.2.1    ICMP Echo (ping) request  id=0x693e, seq=59/15104, ttl=64 90:e2:ba:81:49:14 -> 90:e2:ba:82:2c:7c
 60 2018-02-14 01:04:22.073623    10.10.1.1 -> 10.10.2.1    ICMP Echo (ping) request  id=0x693e, seq=60/15360, ttl=64 90:e2:ba:81:49:14 -> 90:e2:ba:82:2c:7c
 61 2018-02-14 01:04:22.073625    10.10.1.1 -> 10.10.2.1    ICMP Echo (ping) request  id=0x693e, seq=61/15616, ttl=64 90:e2:ba:81:49:14 -> 90:e2:ba:82:2c:7c
 62 2018-02-14 01:04:22.073627    10.10.1.1 -> 10.10.2.1    ICMP Echo (ping) request  id=0x693e, seq=62/15872, ttl=64 90:e2:ba:81:49:14 -> 90:e2:ba:82:2c:7c
 63 2018-02-14 01:04:22.073629    10.10.1.1 -> 10.10.2.1    ICMP Echo (ping) request  id=0x693e, seq=63/16128, ttl=64 90:e2:ba:81:49:14 -> 90:e2:ba:82:2c:7c
 64 2018-02-14 01:04:22.073631    10.10.1.1 -> 10.10.2.1    ICMP Echo (ping) request  id=0x693e, seq=64/16384, ttl=64 90:e2:ba:81:49:14 -> 90:e2:ba:82:2c:7c
 65 2018-02-14 01:04:22.073634    10.10.1.1 -> 10.10.2.1    ICMP Echo (ping) request  id=0x693e, seq=65/16640, ttl=64 90:e2:ba:81:49:14 -> 90:e2:ba:82:2c:7c
 66 2018-02-14 01:04:22.073635    10.10.1.1 -> 10.10.2.1    ICMP Echo (ping) request  id=0x693e, seq=66/16896, ttl=64 90:e2:ba:81:49:14 -> 90:e2:ba:82:2c:7c
 67 2018-02-14 01:04:22.073637    10.10.1.1 -> 10.10.2.1    ICMP Echo (ping) request  id=0x693e, seq=67/17152, ttl=64 90:e2:ba:81:49:14 -> 90:e2:ba:82:2c:7c
 68 2018-02-14 01:04:22.073640    10.10.1.1 -> 10.10.2.1    ICMP Echo (ping) request  id=0x693e, seq=68/17408, ttl=64 90:e2:ba:81:49:14 -> 90:e2:ba:82:2c:7c
 69 2018-02-14 01:04:22.073642    10.10.1.1 -> 10.10.2.1    ICMP Echo (ping) request  id=0x693e, seq=69/17664, ttl=64 90:e2:ba:81:49:14 -> 90:e2:ba:82:2c:7c
 70 2018-02-14 01:04:22.073644    10.10.1.1 -> 10.10.2.1    ICMP Echo (ping) request  id=0x693e, seq=70/17920, ttl=64 90:e2:ba:81:49:14 -> 90:e2:ba:82:2c:7c
 71 2018-02-14 01:04:22.073646    10.10.1.1 -> 10.10.2.1    ICMP Echo (ping) request  id=0x693e, seq=71/18176, ttl=64 90:e2:ba:81:49:14 -> 90:e2:ba:82:2c:7c
 72 2018-02-14 01:04:22.073648    10.10.1.1 -> 10.10.2.1    ICMP Echo (ping) request  id=0x693e, seq=72/18432, ttl=64 90:e2:ba:81:49:14 -> 90:e2:ba:82:2c:7c
 73 2018-02-14 01:04:22.073650    10.10.1.1 -> 10.10.2.1    ICMP Echo (ping) request  id=0x693e, seq=73/18688, ttl=64 90:e2:ba:81:49:14 -> 90:e2:ba:82:2c:7c
 74 2018-02-14 01:04:22.073653    10.10.1.1 -> 10.10.2.1    ICMP Echo (ping) request  id=0x693e, seq=74/18944, ttl=64 90:e2:ba:81:49:14 -> 90:e2:ba:82:2c:7c
 75 2018-02-14 01:04:22.073655    10.10.1.1 -> 10.10.2.1    ICMP Echo (ping) request  id=0x693e, seq=75/19200, ttl=64 90:e2:ba:81:49:14 -> 90:e2:ba:82:2c:7c
 76 2018-02-14 01:04:22.073656    10.10.1.1 -> 10.10.2.1    ICMP Echo (ping) request  id=0x693e, seq=76/19456, ttl=64 90:e2:ba:81:49:14 -> 90:e2:ba:82:2c:7c
 77 2018-02-14 01:04:22.073658    10.10.1.1 -> 10.10.2.1    ICMP Echo (ping) request  id=0x693e, seq=77/19712, ttl=64 90:e2:ba:81:49:14 -> 90:e2:ba:82:2c:7c
 78 2018-02-14 01:04:22.073660    10.10.1.1 -> 10.10.2.1    ICMP Echo (ping) request  id=0x693e, seq=78/19968, ttl=64 90:e2:ba:81:49:14 -> 90:e2:ba:82:2c:7c
 79 2018-02-14 01:04:22.073662    10.10.1.1 -> 10.10.2.1    ICMP Echo (ping) request  id=0x693e, seq=79/20224, ttl=64 90:e2:ba:81:49:14 -> 90:e2:ba:82:2c:7c
 80 2018-02-14 01:04:22.073664    10.10.1.1 -> 10.10.2.1    ICMP Echo (ping) request  id=0x693e, seq=80/20480, ttl=64 90:e2:ba:81:49:14 -> 90:e2:ba:82:2c:7c
 81 2018-02-14 01:04:22.073666    10.10.1.1 -> 10.10.2.1    ICMP Echo (ping) request  id=0x693e, seq=81/20736, ttl=64 90:e2:ba:81:49:14 -> 90:e2:ba:82:2c:7c
 82 2018-02-14 01:04:22.073669    10.10.1.1 -> 10.10.2.1    ICMP Echo (ping) request  id=0x693e, seq=82/20992, ttl=64 90:e2:ba:81:49:14 -> 90:e2:ba:82:2c:7c
 83 2018-02-14 01:04:22.073671    10.10.1.1 -> 10.10.2.1    ICMP Echo (ping) request  id=0x693e, seq=83/21248, ttl=64 90:e2:ba:81:49:14 -> 90:e2:ba:82:2c:7c
 84 2018-02-14 01:04:22.073673    10.10.1.1 -> 10.10.2.1    ICMP Echo (ping) request  id=0x693e, seq=84/21504, ttl=64 90:e2:ba:81:49:14 -> 90:e2:ba:82:2c:7c
 85 2018-02-14 01:04:22.073676    10.10.1.1 -> 10.10.2.1    ICMP Echo (ping) request  id=0x693e, seq=85/21760, ttl=64 90:e2:ba:81:49:14 -> 90:e2:ba:82:2c:7c
 86 2018-02-14 01:04:22.073678    10.10.1.1 -> 10.10.2.1    ICMP Echo (ping) request  id=0x693e, seq=86/22016, ttl=64 90:e2:ba:81:49:14 -> 90:e2:ba:82:2c:7c
 87 2018-02-14 01:04:22.073680    10.10.1.1 -> 10.10.2.1    ICMP Echo (ping) request  id=0x693e, seq=87/22272, ttl=64 90:e2:ba:81:49:14 -> 90:e2:ba:82:2c:7c
 88 2018-02-14 01:04:22.073682    10.10.1.1 -> 10.10.2.1    ICMP Echo (ping) request  id=0x693e, seq=88/22528, ttl=64 90:e2:ba:81:49:14 -> 90:e2:ba:82:2c:7c
 89 2018-02-14 01:04:22.073685    10.10.1.1 -> 10.10.2.1    ICMP Echo (ping) request  id=0x693e, seq=89/22784, ttl=64 90:e2:ba:81:49:14 -> 90:e2:ba:82:2c:7c
 90 2018-02-14 01:04:22.073687    10.10.1.1 -> 10.10.2.1    ICMP Echo (ping) request  id=0x693e, seq=90/23040, ttl=64 90:e2:ba:81:49:14 -> 90:e2:ba:82:2c:7c
 91 2018-02-14 01:04:22.073691    10.10.1.1 -> 10.10.2.1    ICMP Echo (ping) request  id=0x693e, seq=91/23296, ttl=64 90:e2:ba:81:49:14 -> 90:e2:ba:82:2c:7c
 92 2018-02-14 01:04:22.073693    10.10.1.1 -> 10.10.2.1    ICMP Echo (ping) request  id=0x693e, seq=92/23552, ttl=64 90:e2:ba:81:49:14 -> 90:e2:ba:82:2c:7c
 93 2018-02-14 01:04:22.073695    10.10.1.1 -> 10.10.2.1    ICMP Echo (ping) request  id=0x693e, seq=93/23808, ttl=64 90:e2:ba:81:49:14 -> 90:e2:ba:82:2c:7c
 94 2018-02-14 01:04:22.073698    10.10.1.1 -> 10.10.2.1    ICMP Echo (ping) request  id=0x693e, seq=94/24064, ttl=64 90:e2:ba:81:49:14 -> 90:e2:ba:82:2c:7c
 95 2018-02-14 01:04:22.073700    10.10.1.1 -> 10.10.2.1    ICMP Echo (ping) request  id=0x693e, seq=95/24320, ttl=64 90:e2:ba:81:49:14 -> 90:e2:ba:82:2c:7c
 96 2018-02-14 01:04:22.073703    10.10.1.1 -> 10.10.2.1    ICMP Echo (ping) request  id=0x693e, seq=96/24576, ttl=64 90:e2:ba:81:49:14 -> 90:e2:ba:82:2c:7c
 97 2018-02-14 01:04:22.073705    10.10.1.1 -> 10.10.2.1    ICMP Echo (ping) request  id=0x693e, seq=97/24832, ttl=64 90:e2:ba:81:49:14 -> 90:e2:ba:82:2c:7c
 98 2018-02-14 01:04:22.073707    10.10.1.1 -> 10.10.2.1    ICMP Echo (ping) request  id=0x693e, seq=98/25088, ttl=64 90:e2:ba:81:49:14 -> 90:e2:ba:82:2c:7c
 99 2018-02-14 01:04:22.073709    10.10.1.1 -> 10.10.2.1    ICMP Echo (ping) request  id=0x693e, seq=99/25344, ttl=64 90:e2:ba:81:49:14 -> 90:e2:ba:82:2c:7c
100 2018-02-14 01:04:22.073711    10.10.1.1 -> 10.10.2.1    ICMP Echo (ping) request  id=0x693e, seq=100/25600, ttl=64 90:e2:ba:81:49:14 -> 90:e2:ba:82:2c:7c
101 2018-02-14 01:04:22.111665    10.10.2.1 -> 10.10.1.1    ICMP Echo (ping) reply    id=0x693e, seq=1/256, ttl=63 (request in 1) 90:e2:ba:82:2c:7c -> 90:e2:ba:81:49:14
102 2018-02-14 01:04:22.113368    10.10.2.1 -> 10.10.1.1    ICMP Echo (ping) reply    id=0x693e, seq=2/512, ttl=63 (request in 2) 90:e2:ba:82:2c:7c -> 90:e2:ba:81:49:14
103 2018-02-14 01:04:22.115118    10.10.2.1 -> 10.10.1.1    ICMP Echo (ping) reply    id=0x693e, seq=3/768, ttl=63 (request in 3) 90:e2:ba:82:2c:7c -> 90:e2:ba:81:49:14
104 2018-02-14 01:04:22.116874    10.10.2.1 -> 10.10.1.1    ICMP Echo (ping) reply    id=0x693e, seq=4/1024, ttl=63 (request in 4) 90:e2:ba:82:2c:7c -> 90:e2:ba:81:49:14
105 2018-02-14 01:04:22.118621    10.10.2.1 -> 10.10.1.1    ICMP Echo (ping) reply    id=0x693e, seq=5/1280, ttl=63 (request in 5) 90:e2:ba:82:2c:7c -> 90:e2:ba:81:49:14
106 2018-02-14 01:04:22.120340    10.10.2.1 -> 10.10.1.1    ICMP Echo (ping) reply    id=0x693e, seq=6/1536, ttl=63 (request in 6) 90:e2:ba:82:2c:7c -> 90:e2:ba:81:49:14
107 2018-02-14 01:04:22.122077    10.10.2.1 -> 10.10.1.1    ICMP Echo (ping) reply    id=0x693e, seq=7/1792, ttl=63 (request in 7) 90:e2:ba:82:2c:7c -> 90:e2:ba:81:49:14
108 2018-02-14 01:04:22.123775    10.10.2.1 -> 10.10.1.1    ICMP Echo (ping) reply    id=0x693e, seq=12/3072, ttl=63 (request in 12) 90:e2:ba:82:2c:7c -> 90:e2:ba:81:49:14
109 2018-02-14 01:04:22.125454    10.10.2.1 -> 10.10.1.1    ICMP Echo (ping) reply    id=0x693e, seq=37/9472, ttl=63 (request in 37) 90:e2:ba:82:2c:7c -> 90:e2:ba:81:49:14
110 2018-02-14 01:04:22.127121    10.10.2.1 -> 10.10.1.1    ICMP Echo (ping) reply    id=0x693e, seq=43/11008, ttl=63 (request in 43) 90:e2:ba:82:2c:7c -> 90:e2:ba:81:49:14
111 2018-02-14 01:04:22.128789    10.10.2.1 -> 10.10.1.1    ICMP Echo (ping) reply    id=0x693e, seq=49/12544, ttl=63 (request in 49) 90:e2:ba:82:2c:7c -> 90:e2:ba:81:49:14
112 2018-02-14 01:04:22.130489    10.10.2.1 -> 10.10.1.1    ICMP Echo (ping) reply    id=0x693e, seq=56/14336, ttl=63 (request in 56) 90:e2:ba:82:2c:7c -> 90:e2:ba:81:49:14
113 2018-02-14 01:04:22.132152    10.10.2.1 -> 10.10.1.1    ICMP Echo (ping) reply    id=0x693e, seq=62/15872, ttl=63 (request in 62) 90:e2:ba:82:2c:7c -> 90:e2:ba:81:49:14
114 2018-02-14 01:04:22.133766    10.10.2.1 -> 10.10.1.1    ICMP Echo (ping) reply    id=0x693e, seq=68/17408, ttl=63 (request in 68) 90:e2:ba:82:2c:7c -> 90:e2:ba:81:49:14
115 2018-02-14 01:04:22.135415    10.10.2.1 -> 10.10.1.1    ICMP Echo (ping) reply    id=0x693e, seq=73/18688, ttl=63 (request in 73) 90:e2:ba:82:2c:7c -> 90:e2:ba:81:49:14
116 2018-02-14 01:04:22.137029    10.10.2.1 -> 10.10.1.1    ICMP Echo (ping) reply    id=0x693e, seq=79/20224, ttl=63 (request in 79) 90:e2:ba:82:2c:7c -> 90:e2:ba:81:49:14
117 2018-02-14 01:04:22.138526    10.10.2.1 -> 10.10.1.1    ICMP Echo (ping) reply    id=0x693e, seq=84/21504, ttl=63 (request in 84) 90:e2:ba:82:2c:7c -> 90:e2:ba:81:49:14
118 2018-02-14 01:04:22.140090    10.10.2.1 -> 10.10.1.1    ICMP Echo (ping) reply    id=0x693e, seq=90/23040, ttl=63 (request in 90) 90:e2:ba:82:2c:7c -> 90:e2:ba:81:49:14
119 2018-02-14 01:04:22.141634    10.10.2.1 -> 10.10.1.1    ICMP Echo (ping) reply    id=0x693e, seq=94/24064, ttl=63 (request in 94) 90:e2:ba:82:2c:7c -> 90:e2:ba:81:49:14
120 2018-02-14 01:04:22.142691    10.10.2.1 -> 10.10.1.1    ICMP Echo (ping) reply    id=0x693e, seq=99/25344, ttl=63 (request in 99) 90:e2:ba:82:2c:7c -> 90:e2:ba:81:49:14
121 2018-02-14 01:04:45.192715 2c:23:3a:3f:42:bc -> LLDP_Multicast LLDP TTL = 121 System Name = cl3 System Description = HP Comware Platform Software, Software Version 7.1.045, Release 2418P01\r\nHP FF 5930-2Slot+2QSFP+Switch\r\nCopyright (c) 2010-2015 Hewlett-Packard Development Company, L.P.  2c:23:3a:3f:42:bc -> 01:80:c2:00:00:0e
122 2018-02-14 01:05:15.192755 2c:23:3a:3f:42:bc -> LLDP_Multicast LLDP TTL = 121 System Name = cl3 System Description = HP Comware Platform Software, Software Version 7.1.045, Release 2418P01\r\nHP FF 5930-2Slot+2QSFP+Switch\r\nCopyright (c) 2010-2015 Hewlett-Packard Development Company, L.P.  2c:23:3a:3f:42:bc -> 01:80:c2:00:00:0e
