  1 2018-03-08 18:25:56.371143    10.10.1.1 -> 10.10.2.1    ICMP Echo (ping) request  id=0x56d2, seq=1/256, ttl=64 90:e2:ba:4b:fd:a4 -> 90:e2:ba:7e:5c:24
  2 2018-03-08 18:25:56.371169    10.10.1.1 -> 10.10.2.1    ICMP Echo (ping) request  id=0x56d2, seq=2/512, ttl=64 90:e2:ba:4b:fd:a4 -> 90:e2:ba:7e:5c:24
  3 2018-03-08 18:25:56.371172    10.10.1.1 -> 10.10.2.1    ICMP Echo (ping) request  id=0x56d2, seq=3/768, ttl=64 90:e2:ba:4b:fd:a4 -> 90:e2:ba:7e:5c:24
  4 2018-03-08 18:25:56.371176    10.10.1.1 -> 10.10.2.1    ICMP Echo (ping) request  id=0x56d2, seq=4/1024, ttl=64 90:e2:ba:4b:fd:a4 -> 90:e2:ba:7e:5c:24
  5 2018-03-08 18:25:56.371179    10.10.1.1 -> 10.10.2.1    ICMP Echo (ping) request  id=0x56d2, seq=5/1280, ttl=64 90:e2:ba:4b:fd:a4 -> 90:e2:ba:7e:5c:24
  6 2018-03-08 18:25:56.371182    10.10.1.1 -> 10.10.2.1    ICMP Echo (ping) request  id=0x56d2, seq=6/1536, ttl=64 90:e2:ba:4b:fd:a4 -> 90:e2:ba:7e:5c:24
  7 2018-03-08 18:25:56.371186    10.10.1.1 -> 10.10.2.1    ICMP Echo (ping) request  id=0x56d2, seq=7/1792, ttl=64 90:e2:ba:4b:fd:a4 -> 90:e2:ba:7e:5c:24
  8 2018-03-08 18:25:56.371189    10.10.1.1 -> 10.10.2.1    ICMP Echo (ping) request  id=0x56d2, seq=8/2048, ttl=64 90:e2:ba:4b:fd:a4 -> 90:e2:ba:7e:5c:24
  9 2018-03-08 18:25:56.371192    10.10.1.1 -> 10.10.2.1    ICMP Echo (ping) request  id=0x56d2, seq=9/2304, ttl=64 90:e2:ba:4b:fd:a4 -> 90:e2:ba:7e:5c:24
 10 2018-03-08 18:25:56.371195    10.10.1.1 -> 10.10.2.1    ICMP Echo (ping) request  id=0x56d2, seq=10/2560, ttl=64 90:e2:ba:4b:fd:a4 -> 90:e2:ba:7e:5c:24
 11 2018-03-08 18:25:56.371197    10.10.1.1 -> 10.10.2.1    ICMP Echo (ping) request  id=0x56d2, seq=11/2816, ttl=64 90:e2:ba:4b:fd:a4 -> 90:e2:ba:7e:5c:24
 12 2018-03-08 18:25:56.371200    10.10.1.1 -> 10.10.2.1    ICMP Echo (ping) request  id=0x56d2, seq=12/3072, ttl=64 90:e2:ba:4b:fd:a4 -> 90:e2:ba:7e:5c:24
 13 2018-03-08 18:25:56.371203    10.10.1.1 -> 10.10.2.1    ICMP Echo (ping) request  id=0x56d2, seq=13/3328, ttl=64 90:e2:ba:4b:fd:a4 -> 90:e2:ba:7e:5c:24
 14 2018-03-08 18:25:56.371206    10.10.1.1 -> 10.10.2.1    ICMP Echo (ping) request  id=0x56d2, seq=14/3584, ttl=64 90:e2:ba:4b:fd:a4 -> 90:e2:ba:7e:5c:24
 15 2018-03-08 18:25:56.371209    10.10.1.1 -> 10.10.2.1    ICMP Echo (ping) request  id=0x56d2, seq=15/3840, ttl=64 90:e2:ba:4b:fd:a4 -> 90:e2:ba:7e:5c:24
 16 2018-03-08 18:25:56.371211    10.10.1.1 -> 10.10.2.1    ICMP Echo (ping) request  id=0x56d2, seq=16/4096, ttl=64 90:e2:ba:4b:fd:a4 -> 90:e2:ba:7e:5c:24
 17 2018-03-08 18:25:56.371214    10.10.1.1 -> 10.10.2.1    ICMP Echo (ping) request  id=0x56d2, seq=17/4352, ttl=64 90:e2:ba:4b:fd:a4 -> 90:e2:ba:7e:5c:24
 18 2018-03-08 18:25:56.371217    10.10.1.1 -> 10.10.2.1    ICMP Echo (ping) request  id=0x56d2, seq=18/4608, ttl=64 90:e2:ba:4b:fd:a4 -> 90:e2:ba:7e:5c:24
 19 2018-03-08 18:25:56.371219    10.10.1.1 -> 10.10.2.1    ICMP Echo (ping) request  id=0x56d2, seq=19/4864, ttl=64 90:e2:ba:4b:fd:a4 -> 90:e2:ba:7e:5c:24
 20 2018-03-08 18:25:56.371222    10.10.1.1 -> 10.10.2.1    ICMP Echo (ping) request  id=0x56d2, seq=20/5120, ttl=64 90:e2:ba:4b:fd:a4 -> 90:e2:ba:7e:5c:24
 21 2018-03-08 18:25:56.371224    10.10.1.1 -> 10.10.2.1    ICMP Echo (ping) request  id=0x56d2, seq=21/5376, ttl=64 90:e2:ba:4b:fd:a4 -> 90:e2:ba:7e:5c:24
 22 2018-03-08 18:25:56.371226    10.10.1.1 -> 10.10.2.1    ICMP Echo (ping) request  id=0x56d2, seq=22/5632, ttl=64 90:e2:ba:4b:fd:a4 -> 90:e2:ba:7e:5c:24
 23 2018-03-08 18:25:56.371229    10.10.1.1 -> 10.10.2.1    ICMP Echo (ping) request  id=0x56d2, seq=23/5888, ttl=64 90:e2:ba:4b:fd:a4 -> 90:e2:ba:7e:5c:24
 24 2018-03-08 18:25:56.371231    10.10.1.1 -> 10.10.2.1    ICMP Echo (ping) request  id=0x56d2, seq=24/6144, ttl=64 90:e2:ba:4b:fd:a4 -> 90:e2:ba:7e:5c:24
 25 2018-03-08 18:25:56.371234    10.10.1.1 -> 10.10.2.1    ICMP Echo (ping) request  id=0x56d2, seq=25/6400, ttl=64 90:e2:ba:4b:fd:a4 -> 90:e2:ba:7e:5c:24
 26 2018-03-08 18:25:56.371236    10.10.1.1 -> 10.10.2.1    ICMP Echo (ping) request  id=0x56d2, seq=26/6656, ttl=64 90:e2:ba:4b:fd:a4 -> 90:e2:ba:7e:5c:24
 27 2018-03-08 18:25:56.371239    10.10.1.1 -> 10.10.2.1    ICMP Echo (ping) request  id=0x56d2, seq=27/6912, ttl=64 90:e2:ba:4b:fd:a4 -> 90:e2:ba:7e:5c:24
 28 2018-03-08 18:25:56.371241    10.10.1.1 -> 10.10.2.1    ICMP Echo (ping) request  id=0x56d2, seq=28/7168, ttl=64 90:e2:ba:4b:fd:a4 -> 90:e2:ba:7e:5c:24
 29 2018-03-08 18:25:56.371244    10.10.1.1 -> 10.10.2.1    ICMP Echo (ping) request  id=0x56d2, seq=29/7424, ttl=64 90:e2:ba:4b:fd:a4 -> 90:e2:ba:7e:5c:24
 30 2018-03-08 18:25:56.371246    10.10.1.1 -> 10.10.2.1    ICMP Echo (ping) request  id=0x56d2, seq=30/7680, ttl=64 90:e2:ba:4b:fd:a4 -> 90:e2:ba:7e:5c:24
 31 2018-03-08 18:25:56.371249    10.10.1.1 -> 10.10.2.1    ICMP Echo (ping) request  id=0x56d2, seq=31/7936, ttl=64 90:e2:ba:4b:fd:a4 -> 90:e2:ba:7e:5c:24
 32 2018-03-08 18:25:56.371253    10.10.1.1 -> 10.10.2.1    ICMP Echo (ping) request  id=0x56d2, seq=32/8192, ttl=64 90:e2:ba:4b:fd:a4 -> 90:e2:ba:7e:5c:24
 33 2018-03-08 18:25:56.371258    10.10.1.1 -> 10.10.2.1    ICMP Echo (ping) request  id=0x56d2, seq=33/8448, ttl=64 90:e2:ba:4b:fd:a4 -> 90:e2:ba:7e:5c:24
 34 2018-03-08 18:25:56.371261    10.10.1.1 -> 10.10.2.1    ICMP Echo (ping) request  id=0x56d2, seq=34/8704, ttl=64 90:e2:ba:4b:fd:a4 -> 90:e2:ba:7e:5c:24
 35 2018-03-08 18:25:56.371264    10.10.1.1 -> 10.10.2.1    ICMP Echo (ping) request  id=0x56d2, seq=35/8960, ttl=64 90:e2:ba:4b:fd:a4 -> 90:e2:ba:7e:5c:24
 36 2018-03-08 18:25:56.371268    10.10.1.1 -> 10.10.2.1    ICMP Echo (ping) request  id=0x56d2, seq=36/9216, ttl=64 90:e2:ba:4b:fd:a4 -> 90:e2:ba:7e:5c:24
 37 2018-03-08 18:25:56.371270    10.10.1.1 -> 10.10.2.1    ICMP Echo (ping) request  id=0x56d2, seq=37/9472, ttl=64 90:e2:ba:4b:fd:a4 -> 90:e2:ba:7e:5c:24
 38 2018-03-08 18:25:56.371273    10.10.1.1 -> 10.10.2.1    ICMP Echo (ping) request  id=0x56d2, seq=38/9728, ttl=64 90:e2:ba:4b:fd:a4 -> 90:e2:ba:7e:5c:24
 39 2018-03-08 18:25:56.371276    10.10.1.1 -> 10.10.2.1    ICMP Echo (ping) request  id=0x56d2, seq=39/9984, ttl=64 90:e2:ba:4b:fd:a4 -> 90:e2:ba:7e:5c:24
 40 2018-03-08 18:25:56.371279    10.10.1.1 -> 10.10.2.1    ICMP Echo (ping) request  id=0x56d2, seq=40/10240, ttl=64 90:e2:ba:4b:fd:a4 -> 90:e2:ba:7e:5c:24
 41 2018-03-08 18:25:56.371283    10.10.1.1 -> 10.10.2.1    ICMP Echo (ping) request  id=0x56d2, seq=41/10496, ttl=64 90:e2:ba:4b:fd:a4 -> 90:e2:ba:7e:5c:24
 42 2018-03-08 18:25:56.371286    10.10.1.1 -> 10.10.2.1    ICMP Echo (ping) request  id=0x56d2, seq=42/10752, ttl=64 90:e2:ba:4b:fd:a4 -> 90:e2:ba:7e:5c:24
 43 2018-03-08 18:25:56.371290    10.10.1.1 -> 10.10.2.1    ICMP Echo (ping) request  id=0x56d2, seq=43/11008, ttl=64 90:e2:ba:4b:fd:a4 -> 90:e2:ba:7e:5c:24
 44 2018-03-08 18:25:56.371294    10.10.1.1 -> 10.10.2.1    ICMP Echo (ping) request  id=0x56d2, seq=44/11264, ttl=64 90:e2:ba:4b:fd:a4 -> 90:e2:ba:7e:5c:24
 45 2018-03-08 18:25:56.371298    10.10.1.1 -> 10.10.2.1    ICMP Echo (ping) request  id=0x56d2, seq=45/11520, ttl=64 90:e2:ba:4b:fd:a4 -> 90:e2:ba:7e:5c:24
 46 2018-03-08 18:25:56.371301    10.10.1.1 -> 10.10.2.1    ICMP Echo (ping) request  id=0x56d2, seq=46/11776, ttl=64 90:e2:ba:4b:fd:a4 -> 90:e2:ba:7e:5c:24
 47 2018-03-08 18:25:56.371304    10.10.1.1 -> 10.10.2.1    ICMP Echo (ping) request  id=0x56d2, seq=47/12032, ttl=64 90:e2:ba:4b:fd:a4 -> 90:e2:ba:7e:5c:24
 48 2018-03-08 18:25:56.371308    10.10.1.1 -> 10.10.2.1    ICMP Echo (ping) request  id=0x56d2, seq=48/12288, ttl=64 90:e2:ba:4b:fd:a4 -> 90:e2:ba:7e:5c:24
 49 2018-03-08 18:25:56.371311    10.10.1.1 -> 10.10.2.1    ICMP Echo (ping) request  id=0x56d2, seq=49/12544, ttl=64 90:e2:ba:4b:fd:a4 -> 90:e2:ba:7e:5c:24
 50 2018-03-08 18:25:56.371314    10.10.1.1 -> 10.10.2.1    ICMP Echo (ping) request  id=0x56d2, seq=50/12800, ttl=64 90:e2:ba:4b:fd:a4 -> 90:e2:ba:7e:5c:24
 51 2018-03-08 18:25:56.371318    10.10.1.1 -> 10.10.2.1    ICMP Echo (ping) request  id=0x56d2, seq=51/13056, ttl=64 90:e2:ba:4b:fd:a4 -> 90:e2:ba:7e:5c:24
 52 2018-03-08 18:25:56.371321    10.10.1.1 -> 10.10.2.1    ICMP Echo (ping) request  id=0x56d2, seq=52/13312, ttl=64 90:e2:ba:4b:fd:a4 -> 90:e2:ba:7e:5c:24
 53 2018-03-08 18:25:56.371325    10.10.1.1 -> 10.10.2.1    ICMP Echo (ping) request  id=0x56d2, seq=53/13568, ttl=64 90:e2:ba:4b:fd:a4 -> 90:e2:ba:7e:5c:24
 54 2018-03-08 18:25:56.371328    10.10.1.1 -> 10.10.2.1    ICMP Echo (ping) request  id=0x56d2, seq=54/13824, ttl=64 90:e2:ba:4b:fd:a4 -> 90:e2:ba:7e:5c:24
 55 2018-03-08 18:25:56.371331    10.10.1.1 -> 10.10.2.1    ICMP Echo (ping) request  id=0x56d2, seq=55/14080, ttl=64 90:e2:ba:4b:fd:a4 -> 90:e2:ba:7e:5c:24
 56 2018-03-08 18:25:56.371334    10.10.1.1 -> 10.10.2.1    ICMP Echo (ping) request  id=0x56d2, seq=56/14336, ttl=64 90:e2:ba:4b:fd:a4 -> 90:e2:ba:7e:5c:24
 57 2018-03-08 18:25:56.371338    10.10.1.1 -> 10.10.2.1    ICMP Echo (ping) request  id=0x56d2, seq=57/14592, ttl=64 90:e2:ba:4b:fd:a4 -> 90:e2:ba:7e:5c:24
 58 2018-03-08 18:25:56.371342    10.10.1.1 -> 10.10.2.1    ICMP Echo (ping) request  id=0x56d2, seq=58/14848, ttl=64 90:e2:ba:4b:fd:a4 -> 90:e2:ba:7e:5c:24
 59 2018-03-08 18:25:56.371345    10.10.1.1 -> 10.10.2.1    ICMP Echo (ping) request  id=0x56d2, seq=59/15104, ttl=64 90:e2:ba:4b:fd:a4 -> 90:e2:ba:7e:5c:24
 60 2018-03-08 18:25:56.371349    10.10.1.1 -> 10.10.2.1    ICMP Echo (ping) request  id=0x56d2, seq=60/15360, ttl=64 90:e2:ba:4b:fd:a4 -> 90:e2:ba:7e:5c:24
 61 2018-03-08 18:25:56.371353    10.10.1.1 -> 10.10.2.1    ICMP Echo (ping) request  id=0x56d2, seq=61/15616, ttl=64 90:e2:ba:4b:fd:a4 -> 90:e2:ba:7e:5c:24
 62 2018-03-08 18:25:56.371356    10.10.1.1 -> 10.10.2.1    ICMP Echo (ping) request  id=0x56d2, seq=62/15872, ttl=64 90:e2:ba:4b:fd:a4 -> 90:e2:ba:7e:5c:24
 63 2018-03-08 18:25:56.371360    10.10.1.1 -> 10.10.2.1    ICMP Echo (ping) request  id=0x56d2, seq=63/16128, ttl=64 90:e2:ba:4b:fd:a4 -> 90:e2:ba:7e:5c:24
 64 2018-03-08 18:25:56.371363    10.10.1.1 -> 10.10.2.1    ICMP Echo (ping) request  id=0x56d2, seq=64/16384, ttl=64 90:e2:ba:4b:fd:a4 -> 90:e2:ba:7e:5c:24
 65 2018-03-08 18:25:56.371368    10.10.1.1 -> 10.10.2.1    ICMP Echo (ping) request  id=0x56d2, seq=65/16640, ttl=64 90:e2:ba:4b:fd:a4 -> 90:e2:ba:7e:5c:24
 66 2018-03-08 18:25:56.371372    10.10.1.1 -> 10.10.2.1    ICMP Echo (ping) request  id=0x56d2, seq=66/16896, ttl=64 90:e2:ba:4b:fd:a4 -> 90:e2:ba:7e:5c:24
 67 2018-03-08 18:25:56.371375    10.10.1.1 -> 10.10.2.1    ICMP Echo (ping) request  id=0x56d2, seq=67/17152, ttl=64 90:e2:ba:4b:fd:a4 -> 90:e2:ba:7e:5c:24
 68 2018-03-08 18:25:56.371378    10.10.1.1 -> 10.10.2.1    ICMP Echo (ping) request  id=0x56d2, seq=68/17408, ttl=64 90:e2:ba:4b:fd:a4 -> 90:e2:ba:7e:5c:24
 69 2018-03-08 18:25:56.371382    10.10.1.1 -> 10.10.2.1    ICMP Echo (ping) request  id=0x56d2, seq=69/17664, ttl=64 90:e2:ba:4b:fd:a4 -> 90:e2:ba:7e:5c:24
 70 2018-03-08 18:25:56.371386    10.10.1.1 -> 10.10.2.1    ICMP Echo (ping) request  id=0x56d2, seq=70/17920, ttl=64 90:e2:ba:4b:fd:a4 -> 90:e2:ba:7e:5c:24
 71 2018-03-08 18:25:56.371389    10.10.1.1 -> 10.10.2.1    ICMP Echo (ping) request  id=0x56d2, seq=71/18176, ttl=64 90:e2:ba:4b:fd:a4 -> 90:e2:ba:7e:5c:24
 72 2018-03-08 18:25:56.371393    10.10.1.1 -> 10.10.2.1    ICMP Echo (ping) request  id=0x56d2, seq=72/18432, ttl=64 90:e2:ba:4b:fd:a4 -> 90:e2:ba:7e:5c:24
 73 2018-03-08 18:25:56.371397    10.10.1.1 -> 10.10.2.1    ICMP Echo (ping) request  id=0x56d2, seq=73/18688, ttl=64 90:e2:ba:4b:fd:a4 -> 90:e2:ba:7e:5c:24
 74 2018-03-08 18:25:56.371400    10.10.1.1 -> 10.10.2.1    ICMP Echo (ping) request  id=0x56d2, seq=74/18944, ttl=64 90:e2:ba:4b:fd:a4 -> 90:e2:ba:7e:5c:24
 75 2018-03-08 18:25:56.371403    10.10.1.1 -> 10.10.2.1    ICMP Echo (ping) request  id=0x56d2, seq=75/19200, ttl=64 90:e2:ba:4b:fd:a4 -> 90:e2:ba:7e:5c:24
 76 2018-03-08 18:25:56.371407    10.10.1.1 -> 10.10.2.1    ICMP Echo (ping) request  id=0x56d2, seq=76/19456, ttl=64 90:e2:ba:4b:fd:a4 -> 90:e2:ba:7e:5c:24
 77 2018-03-08 18:25:56.371411    10.10.1.1 -> 10.10.2.1    ICMP Echo (ping) request  id=0x56d2, seq=77/19712, ttl=64 90:e2:ba:4b:fd:a4 -> 90:e2:ba:7e:5c:24
 78 2018-03-08 18:25:56.371415    10.10.1.1 -> 10.10.2.1    ICMP Echo (ping) request  id=0x56d2, seq=78/19968, ttl=64 90:e2:ba:4b:fd:a4 -> 90:e2:ba:7e:5c:24
 79 2018-03-08 18:25:56.371418    10.10.1.1 -> 10.10.2.1    ICMP Echo (ping) request  id=0x56d2, seq=79/20224, ttl=64 90:e2:ba:4b:fd:a4 -> 90:e2:ba:7e:5c:24
 80 2018-03-08 18:25:56.371422    10.10.1.1 -> 10.10.2.1    ICMP Echo (ping) request  id=0x56d2, seq=80/20480, ttl=64 90:e2:ba:4b:fd:a4 -> 90:e2:ba:7e:5c:24
 81 2018-03-08 18:25:56.371426    10.10.1.1 -> 10.10.2.1    ICMP Echo (ping) request  id=0x56d2, seq=81/20736, ttl=64 90:e2:ba:4b:fd:a4 -> 90:e2:ba:7e:5c:24
 82 2018-03-08 18:25:56.371430    10.10.1.1 -> 10.10.2.1    ICMP Echo (ping) request  id=0x56d2, seq=82/20992, ttl=64 90:e2:ba:4b:fd:a4 -> 90:e2:ba:7e:5c:24
 83 2018-03-08 18:25:56.371433    10.10.1.1 -> 10.10.2.1    ICMP Echo (ping) request  id=0x56d2, seq=83/21248, ttl=64 90:e2:ba:4b:fd:a4 -> 90:e2:ba:7e:5c:24
 84 2018-03-08 18:25:56.371437    10.10.1.1 -> 10.10.2.1    ICMP Echo (ping) request  id=0x56d2, seq=84/21504, ttl=64 90:e2:ba:4b:fd:a4 -> 90:e2:ba:7e:5c:24
 85 2018-03-08 18:25:56.371441    10.10.1.1 -> 10.10.2.1    ICMP Echo (ping) request  id=0x56d2, seq=85/21760, ttl=64 90:e2:ba:4b:fd:a4 -> 90:e2:ba:7e:5c:24
 86 2018-03-08 18:25:56.371444    10.10.1.1 -> 10.10.2.1    ICMP Echo (ping) request  id=0x56d2, seq=86/22016, ttl=64 90:e2:ba:4b:fd:a4 -> 90:e2:ba:7e:5c:24
 87 2018-03-08 18:25:56.371448    10.10.1.1 -> 10.10.2.1    ICMP Echo (ping) request  id=0x56d2, seq=87/22272, ttl=64 90:e2:ba:4b:fd:a4 -> 90:e2:ba:7e:5c:24
 88 2018-03-08 18:25:56.371451    10.10.1.1 -> 10.10.2.1    ICMP Echo (ping) request  id=0x56d2, seq=88/22528, ttl=64 90:e2:ba:4b:fd:a4 -> 90:e2:ba:7e:5c:24
 89 2018-03-08 18:25:56.371455    10.10.1.1 -> 10.10.2.1    ICMP Echo (ping) request  id=0x56d2, seq=89/22784, ttl=64 90:e2:ba:4b:fd:a4 -> 90:e2:ba:7e:5c:24
 90 2018-03-08 18:25:56.371458    10.10.1.1 -> 10.10.2.1    ICMP Echo (ping) request  id=0x56d2, seq=90/23040, ttl=64 90:e2:ba:4b:fd:a4 -> 90:e2:ba:7e:5c:24
 91 2018-03-08 18:25:56.371462    10.10.1.1 -> 10.10.2.1    ICMP Echo (ping) request  id=0x56d2, seq=91/23296, ttl=64 90:e2:ba:4b:fd:a4 -> 90:e2:ba:7e:5c:24
 92 2018-03-08 18:25:56.371465    10.10.1.1 -> 10.10.2.1    ICMP Echo (ping) request  id=0x56d2, seq=92/23552, ttl=64 90:e2:ba:4b:fd:a4 -> 90:e2:ba:7e:5c:24
 93 2018-03-08 18:25:56.371468    10.10.1.1 -> 10.10.2.1    ICMP Echo (ping) request  id=0x56d2, seq=93/23808, ttl=64 90:e2:ba:4b:fd:a4 -> 90:e2:ba:7e:5c:24
 94 2018-03-08 18:25:56.371472    10.10.1.1 -> 10.10.2.1    ICMP Echo (ping) request  id=0x56d2, seq=94/24064, ttl=64 90:e2:ba:4b:fd:a4 -> 90:e2:ba:7e:5c:24
 95 2018-03-08 18:25:56.371476    10.10.1.1 -> 10.10.2.1    ICMP Echo (ping) request  id=0x56d2, seq=95/24320, ttl=64 90:e2:ba:4b:fd:a4 -> 90:e2:ba:7e:5c:24
 96 2018-03-08 18:25:56.371480    10.10.1.1 -> 10.10.2.1    ICMP Echo (ping) request  id=0x56d2, seq=96/24576, ttl=64 90:e2:ba:4b:fd:a4 -> 90:e2:ba:7e:5c:24
 97 2018-03-08 18:25:56.371484    10.10.1.1 -> 10.10.2.1    ICMP Echo (ping) request  id=0x56d2, seq=97/24832, ttl=64 90:e2:ba:4b:fd:a4 -> 90:e2:ba:7e:5c:24
 98 2018-03-08 18:25:56.371487    10.10.1.1 -> 10.10.2.1    ICMP Echo (ping) request  id=0x56d2, seq=98/25088, ttl=64 90:e2:ba:4b:fd:a4 -> 90:e2:ba:7e:5c:24
 99 2018-03-08 18:25:56.371491    10.10.1.1 -> 10.10.2.1    ICMP Echo (ping) request  id=0x56d2, seq=99/25344, ttl=64 90:e2:ba:4b:fd:a4 -> 90:e2:ba:7e:5c:24
100 2018-03-08 18:25:56.371494    10.10.1.1 -> 10.10.2.1    ICMP Echo (ping) request  id=0x56d2, seq=100/25600, ttl=64 90:e2:ba:4b:fd:a4 -> 90:e2:ba:7e:5c:24
